Va,Va_step,Iteration,Applied_Voltage,Error_V_L2,Error_V_Linf,Error_n_L2,Error_n_Linf,Error_p_L2,Error_p_Linf,Residual_Poisson_L2,Residual_Poisson_Linf,Residual_n_L2,Residual_n_Linf,Residual_p_L2,Residual_p_Linf,Total_Error
0.0,1,1,0.0,3.7746178354422726e-16,3.552713678800501e-15,0.0,0.0,3.602901468017733e-27,1.1518020127602534e-25,1.851610284129285e-15,1.0658141036401503e-14,3.4236686810629254e-12,4.707446906926986e-12,3.4236686810629254e-12,4.707446906926986e-12,0.0021518398501651366
0.0,1,2,0.0,0.0,0.0,0.0,0.0,3.2998843286049475e-27,1.054931267286183e-25,1.851610284129285e-15,1.0658141036401503e-14,3.4236686810629254e-12,4.707446906926986e-12,3.4236686810629254e-12,4.707446906926986e-12,0.0020518928218822073
0.0,1,3,0.0,0.0,0.0,0.0,0.0,3.0151876900538735e-27,9.63917354133121e-26,1.851610284129285e-15,1.0658141036401503e-14,3.4236686810629254e-12,4.707446906926986e-12,3.4236686810629254e-12,4.707446906926986e-12,0.0019480582921679104
0.0,1,4,0.0,0.0,0.0,0.0,0.0,2.75472668073102e-27,8.806512649972766e-26,1.851610284129285e-15,1.0658141036401503e-14,3.4236686810629254e-12,4.707446906926986e-12,3.4236686810629254e-12,4.707446906926986e-12,0.0018456053472108076
0.0,1,5,0.0,0.0,0.0,0.0,0.0,2.5167501663785068e-27,8.045731844130463e-26,1.851610284129285e-15,1.0658141036401503e-14,3.4236686810629254e-12,4.707446906926986e-12,3.4236686810629254e-12,4.707446906926986e-12,0.0017451353714337942
0.0,1,6,0.0,0.0,0.0,0.0,0.0,2.299331388370629e-27,7.350671520265631e-26,1.851610284129285e-15,1.0658141036401503e-14,3.4236686810629254e-12,4.707446906926986e-12,3.4236686810629254e-12,4.707446906926986e-12,0.0016469986659736389
0.0,1,7,0.0,0.0,0.0,0.0,0.0,2.1006951050832185e-27,6.715656455522459e-26,1.851610284129285e-15,1.0658141036401503e-14,3.4236686810629254e-12,4.707446906926986e-12,3.4236686810629254e-12,4.707446906926986e-12,0.001551500936217431
0.0,1,8,0.0,0.0,0.0,0.0,0.0,1.9192187535782684e-27,6.13549952148676e-26,1.851610284129285e-15,1.0658141036401503e-14,3.4236686810629254e-12,4.707446906926986e-12,3.4236686810629254e-12,4.707446906926986e-12,0.0014589103256368292
0.0,1,9,0.0,0.0,0.0,0.0,0.0,1.7534199108843026e-27,5.605461599485805e-26,1.851610284129285e-15,1.0658141036401503e-14,3.4236686810629254e-12,4.707446906926986e-12,3.4236686810629254e-12,4.707446906926986e-12,0.0013694559636197496
0.0,1,10,0.0,0.0,0.0,0.0,0.0,1.6019442172225759e-27,5.1212129726705313e-26,1.851610284129285e-15,1.0658141036401503e-14,3.4236686810629254e-12,4.707446906926986e-12,3.4236686810629254e-12,4.707446906926986e-12,0.0012833270781425726
0.0,1,11,0.0,0.0,0.0,0.0,0.0,1.4635543141507889e-27,4.678797962660615e-26,1.851610284129285e-15,1.0658141036401503e-14,3.4236686810629254e-12,4.707446906926986e-12,3.4236686810629254e-12,4.707446906926986e-12,0.0012006730429570452
0.0,1,12,0.0,0.0,0.0,0.0,0.0,1.3371197370299983e-27,4.2746026170400743e-26,1.851610284129285e-15,1.0658141036401503e-14,3.4236686810629254e-12,4.707446906926986e-12,3.4236686810629254e-12,4.707446906926986e-12,0.0011216042865898187
0.0,1,13,0.0,0.0,0.0,0.0,0.0,1.2216076806090845e-27,3.905325188099213e-26,1.851610284129285e-15,1.0658141036401503e-14,3.4236686810629254e-12,4.707446906926986e-12,3.4236686810629254e-12,4.707446906926986e-12,0.0010461939471292864
0.0,1,14,0.0,0.0,0.0,0.0,0.0,1.1160745623558423e-27,3.567949161871587e-26,1.851610284129285e-15,1.0658141036401503e-14,3.4236686810629254e-12,4.707446906926986e-12,3.4236686810629254e-12,4.707446906926986e-12,0.0009744801409408099
0.0,1,15,0.0,0.0,0.0,0.0,0.0,1.0196583146208812e-27,3.259718617157249e-26,1.851610284129285e-15,1.0658141036401503e-14,3.4236686810629254e-12,4.707446906926986e-12,3.4236686810629254e-12,4.707446906926986e-12,0.0009064687070819228
0.0,1,16,0.0,0.0,0.0,0.0,0.0,9.31571342671639e-28,2.978115713248488e-26,1.851610284129285e-15,1.0658141036401503e-14,3.4236686810629254e-12,4.707446906926986e-12,3.4236686810629254e-12,4.707446906926986e-12,0.0008421362904642601
0.0,1,17,0.0,0.0,0.0,0.0,0.0,8.51094091072763e-28,2.720840122461939e-26,1.851610284129285e-15,1.0658141036401503e-14,3.4236686810629254e-12,4.707446906926986e-12,3.4236686810629254e-12,4.707446906926986e-12,0.0007814336343355051
0.0,1,18,0.0,0.0,0.0,0.0,0.0,7.775691658586084e-28,2.485790239467766e-26,1.851610284129285e-15,1.0658141036401503e-14,3.4236686810629254e-12,4.707446906926986e-12,3.4236686810629254e-12,4.707446906926986e-12,0.0007242889648817701
0.0,1,19,0.0,0.0,0.0,0.0,0.0,7.103959644837449e-28,2.2710460139208885e-26,1.851610284129285e-15,1.0658141036401503e-14,3.4236686810629254e-12,4.707446906926986e-12,3.4236686810629254e-12,4.707446906926986e-12,0.0006706113661281465
0.0,1,20,0.0,0.0,0.0,0.0,0.0,6.490257696851083e-28,2.074853266159043e-26,1.851610284129285e-15,1.0658141036401503e-14,3.4236686810629254e-12,4.707446906926986e-12,3.4236686810629254e-12,4.707446906926986e-12,0.0006202940603875373
0.0,1,21,0.0,0.0,0.0,0.0,0.0,5.929572671791063e-28,1.8956093578475637e-26,1.851610284129285e-15,1.0658141036401503e-14,3.4236686810629254e-12,4.707446906926986e-12,3.4236686810629254e-12,4.707446906926986e-12,0.000573217527027316
0.0,1,22,0.0,0.0,0.0,0.0,0.0,5.417324505791222e-28,1.7318501005187813e-26,1.851610284129285e-15,1.0658141036401503e-14,3.4236686810629254e-12,4.707446906926986e-12,3.4236686810629254e-12,4.707446906926986e-12,0.0005292524092896245
0.0,1,23,0.0,0.0,0.0,0.0,0.0,4.949328800819219e-28,1.5822377950658431e-26,1.851610284129285e-15,1.0658141036401503e-14,3.4236686810629254e-12,4.707446906926986e-12,3.4236686810629254e-12,4.707446906926986e-12,0.0004882621745707717
0.0,1,24,0.0,0.0,0.0,0.0,0.0,4.521762643613471e-28,1.4455503044893392e-26,1.851610284129285e-15,1.0658141036401503e-14,3.4236686810629254e-12,4.707446906926986e-12,3.4236686810629254e-12,4.707446906926986e-12,0.0004501055074516206
0.0,1,25,0.0,0.0,0.0,0.0,0.0,4.131133377478181e-28,1.3206710706352887e-26,1.851610284129285e-15,1.0658141036401503e-14,3.4236686810629254e-12,4.707446906926986e-12,3.4236686810629254e-12,4.707446906926986e-12,0.0004146384266045347
0.0,1,26,0.0,0.0,0.0,0.0,0.0,3.774250071842813e-28,1.2065799933742976e-26,1.851610284129285e-15,1.0658141036401503e-14,3.4236686810629254e-12,4.707446906926986e-12,3.4236686810629254e-12,4.707446906926986e-12,0.00038171612639728163
0.0,1,27,0.0,0.0,0.0,0.0,0.0,3.4481974565297626e-28,1.1023450977167326e-26,1.851610284129285e-15,1.0658141036401503e-14,3.4236686810629254e-12,4.707446906926986e-12,3.4236686810629254e-12,4.707446906926986e-12,0.000351194551624493
0.0,1,28,0.0,0.0,0.0,0.0,0.0,3.1503121078071187e-28,1.007114920795102e-26,1.851610284129285e-15,1.0658141036401503e-14,3.4236686810629254e-12,4.707446906926986e-12,3.4236686810629254e-12,4.707446906926986e-12,0.0003229317194751866
0.0,1,29,0.0,0.0,0.0,0.0,0.0,2.8781606916977596e-28,9.20111556525255e-27,1.851610284129285e-15,1.0658141036401503e-14,3.4236686810629254e-12,4.707446906926986e-12,3.4236686810629254e-12,4.707446906926986e-12,0.0002967888068041628
0.0,1,30,0.0,0.0,0.0,0.0,0.0,2.629520086820968e-28,8.406243011303468e-27,1.851610284129285e-15,1.0658141036401503e-14,3.4236686810629254e-12,4.707446906926986e-12,3.4236686810629254e-12,4.707446906926986e-12,0.0002726310232638479
0.0,1,31,0.0,0.0,0.0,0.0,0.0,2.402359224396301e-28,7.680038476198489e-27,1.851610284129285e-15,1.0658141036401503e-14,3.4236686810629254e-12,4.707446906926986e-12,3.4236686810629254e-12,4.707446906926986e-12,0.00025032829212432274
0.0,1,32,0.0,0.0,0.0,0.0,0.0,2.1948224970661465e-28,7.016569818000448e-27,1.851610284129285e-15,1.0658141036401503e-14,3.4236686810629254e-12,4.707446906926986e-12,3.4236686810629254e-12,4.707446906926986e-12,0.00022975576091146778
0.0,1,33,0.0,0.0,0.0,0.0,0.0,2.0052146010088208e-28,6.410417364893757e-27,1.851610284129285e-15,1.0658141036401503e-14,3.4236686810629254e-12,4.707446906926986e-12,3.4236686810629254e-12,4.707446906926986e-12,0.0002107941635499208
0.0,1,34,0.0,0.0,0.0,0.0,0.0,1.8319866875219902e-28,5.85662964354881e-27,1.851610284129285e-15,1.0658141036401503e-14,3.4236686810629254e-12,4.707446906926986e-12,3.4236686810629254e-12,4.707446906926986e-12,0.00019333005471144752
0.0,1,35,0.0,0.0,0.0,0.0,0.0,1.6737237109530894e-28,5.350682932056361e-27,1.851610284129285e-15,1.0658141036401503e-14,3.4236686810629254e-12,4.707446906926986e-12,3.4236686810629254e-12,4.707446906926986e-12,0.0001772559357079494
0.0,1,36,0.0,0.0,0.0,0.0,0.0,1.5291328696256967e-28,4.888444307031688e-27,1.851610284129285e-15,1.0658141036401503e-14,3.4236686810629254e-12,4.707446906926986e-12,3.4236686810629254e-12,4.707446906926986e-12,0.00016247028967446528
0.0,1,37,0.0,0.0,0.0,0.0,0.0,1.3970330453394962e-28,4.466137883032161e-27,1.851610284129285e-15,1.0658141036401503e-14,3.4236686810629254e-12,4.707446906926986e-12,3.4236686810629254e-12,4.707446906926986e-12,0.00014887754207145812
0.0,1,38,0.0,0.0,0.0,0.0,0.0,1.276345155178235e-28,4.080313968508043e-27,1.851610284129285e-15,1.0658141036401503e-14,3.4236686810629254e-12,4.707446906926986e-12,3.4236686810629254e-12,4.707446906926986e-12,0.00013638796078608008
0.0,1,39,0.0,0.0,0.0,0.0,0.0,1.1660833368126022e-28,3.727820886331098e-27,1.851610284129285e-15,1.0658141036401503e-14,3.4236686810629254e-12,4.707446906926986e-12,3.4236686810629254e-12,4.707446906926986e-12,0.0001249175083927381
0.0,1,40,0.0,0.0,0.0,0.0,0.0,1.0653468952934851e-28,3.405779228711574e-27,1.851610284129285e-15,1.0658141036401503e-14,3.4236686810629254e-12,4.707446906926986e-12,3.4236686810629254e-12,4.707446906926986e-12,0.0001143876574902051
0.0,1,41,0.0,0.0,0.0,0.0,0.0,9.733129455513906e-29,3.1115583361997867e-27,1.851610284129285e-15,1.0658141036401503e-14,3.4236686810629254e-12,4.707446906926986e-12,3.4236686810629254e-12,4.707446906926986e-12,0.0001047251784976853
0.0,1,42,0.0,0.0,0.0,0.0,0.0,8.892296905009034e-29,2.8427548086365727e-27,1.851610284129285e-15,1.0658141036401503e-14,3.4236686810629254e-12,4.707446906926986e-12,3.4236686810629254e-12,4.707446906926986e-12,9.586190788245911e-05
0.0,1,43,0.0,0.0,0.0,0.0,0.0,8.124102798410593e-29,2.5971728725151115e-27,1.851610284129285e-15,1.0658141036401503e-14,3.4236686810629254e-12,4.707446906926986e-12,3.4236686810629254e-12,4.707446906926986e-12,8.773450351824638e-05
0.0,1,44,0.0,0.0,0.0,0.0,0.0,7.422271993860732e-29,2.372806444381169e-27,1.851610284129285e-15,1.0658141036401503e-14,3.4236686810629254e-12,4.707446906926986e-12,3.4236686810629254e-12,4.707446906926986e-12,8.028419273646415e-05
0.0,1,45,0.0,0.0,0.0,0.0,0.0,6.781071450945587e-29,2.167822743753085e-27,1.851610284129285e-15,1.0658141036401503e-14,3.4236686810629254e-12,4.707446906926986e-12,3.4236686810629254e-12,4.707446906926986e-12,7.345651763055242e-05
0.0,1,46,0.0,0.0,0.0,0.0,0.0,6.195263399248066e-29,1.9805473217006475e-27,1.851610284129285e-15,1.0658141036401503e-14,3.4236686810629254e-12,4.707446906926986e-12,3.4236686810629254e-12,4.707446906926986e-12,6.720108129898997e-05
0.0,1,47,0.0,0.0,0.0,0.0,0.0,5.660062552608938e-29,1.809450382785718e-27,1.851610284129285e-15,1.0658141036401503e-14,3.4236686810629254e-12,4.707446906926986e-12,3.4236686810629254e-12,4.707446906926986e-12,6.147129795726789e-05
0.0,1,48,0.0,0.0,0.0,0.0,0.0,5.171097019593122e-29,1.653134288632894e-27,1.851610284129285e-15,1.0658141036401503e-14,3.4236686810629254e-12,4.707446906926986e-12,3.4236686810629254e-12,4.707446906926986e-12,5.622414920263775e-05
0.0,1,49,0.0,0.0,0.0,0.0,0.0,4.724372590850471e-29,1.510322141050615e-27,1.851610284129285e-15,1.0658141036401503e-14,3.4236686810629254e-12,4.707446906926986e-12,3.4236686810629254e-12,4.707446906926986e-12,5.1419948166994975e-05
0.0,1,50,0.0,0.0,0.0,0.0,0.0,4.3162401116456714e-29,1.3798473514417954e-27,1.851610284129285e-15,1.0658141036401503e-14,3.4236686810629254e-12,4.707446906926986e-12,3.4236686810629254e-12,4.707446906926986e-12,4.702211283262179e-05
0.0,1,51,0.0,0.0,0.0,0.0,0.0,3.94336567303328e-29,1.2606441112996512e-27,1.851610284129285e-15,1.0658141036401503e-14,3.4236686810629254e-12,4.707446906926986e-12,3.4236686810629254e-12,4.707446906926986e-12,4.2996949401721424e-05
0.0,1,52,0.0,0.0,0.0,0.0,0.0,3.602703378178923e-29,1.1517386859451647e-27,1.851610284129285e-15,1.0658141036401503e-14,3.4236686810629254e-12,4.707446906926986e-12,3.4236686810629254e-12,4.707446906926986e-12,3.9313446294307616e-05
0.0,1,53,0.0,0.0,0.0,0.0,0.0,3.2914704613629816e-29,1.0522414603873766e-27,1.851610284129285e-15,1.0658141036401503e-14,3.4236686810629254e-12,4.707446906926986e-12,3.4236686810629254e-12,4.707446906926986e-12,3.594307909093046e-05
0.0,1,54,0.0,0.0,0.0,0.0,0.0,3.0071245564216515e-29,9.613396723316095e-28,1.851610284129285e-15,1.0658141036401503e-14,3.4236686810629254e-12,4.707446906926986e-12,3.4236686810629254e-12,4.707446906926986e-12,3.285962652857781e-05
0.0,1,55,0.0,0.0,0.0,0.0,0.0,2.7473429289380583e-29,8.782907729737367e-28,1.851610284129285e-15,1.0658141036401503e-14,3.4236686810629254e-12,4.707446906926986e-12,3.4236686810629254e-12,4.707446906926986e-12,3.0038997492576496e-05
0.0,1,56,0.0,0.0,0.0,0.0,0.0,2.5100035025378646e-29,8.024163613469568e-28,1.851610284129285e-15,1.0658141036401503e-14,3.4236686810629254e-12,4.707446906926986e-12,3.4236686810629254e-12,4.707446906926986e-12,2.7459068817815107e-05
0.0,1,57,0.0,0.0,0.0,0.0,0.0,2.2931675242986663e-29,7.3309664267250815e-28,1.851610284129285e-15,1.0658141036401503e-14,3.4236686810629254e-12,4.707446906926986e-12,3.4236686810629254e-12,4.707446906926986e-12,2.5099533613357516e-05
0.0,1,58,0.0,0.0,0.0,0.0,0.0,2.0950637276725337e-29,6.697653654463878e-28,1.851610284129285e-15,1.0658141036401503e-14,3.4236686810629254e-12,4.707446906926986e-12,3.4236686810629254e-12,4.707446906926986e-12,2.2941759750419823e-05
0.0,1,59,0.0,0.0,0.0,0.0,0.0,1.9140738635532136e-29,6.119051959046068e-28,1.851610284129285e-15,1.0658141036401503e-14,3.4236686810629254e-12,4.707446906926986e-12,3.4236686810629254e-12,4.707446906926986e-12,2.0968658100415037e-05
0.0,1,60,0.0,0.0,0.0,0.0,0.0,1.7487194812959847e-29,5.590434920824951e-28,1.851610284129285e-15,1.0658141036401503e-14,3.4236686810629254e-12,4.707446906926986e-12,3.4236686810629254e-12,4.707446906926986e-12,1.9164560073630067e-05
0.0,1,61,0.0,0.0,0.0,0.0,0.0,1.5976498517080749e-29,5.10748442947545e-28,1.851610284129285e-15,1.0658141036401503e-14,3.4236686810629254e-12,4.707446906926986e-12,3.4236686810629254e-12,4.707446906926986e-12,1.751510398671762e-05
0.0,1,62,0.0,0.0,0.0,0.0,0.0,1.4596309333565456e-29,4.666255410676476e-28,1.851610284129285e-15,1.0658141036401503e-14,3.4236686810629254e-12,4.707446906926986e-12,3.4236686810629254e-12,4.707446906926986e-12,1.6007129776090086e-05
0.0,1,63,0.0,0.0,0.0,0.0,0.0,1.3335352920626002e-29,4.2631436000097e-28,1.851610284129285e-15,1.0658141036401503e-14,3.4236686810629254e-12,4.707446906926986e-12,3.4236686810629254e-12,4.707446906926986e-12,1.4628581571968365e-05
0.0,1,64,0.0,0.0,0.0,0.0,0.0,1.218332891237856e-29,3.894856100829885e-28,1.851610284129285e-15,1.0658141036401503e-14,3.4236686810629254e-12,4.707446906926986e-12,3.4236686810629254e-12,4.707446906926986e-12,1.3368417652534633e-05
0.0,1,65,0.0,0.0,0.0,0.0,0.0,1.1130826778316034e-29,3.558384485602878e-28,1.851610284129285e-15,1.0658141036401503e-14,3.4236686810629254e-12,4.707446906926986e-12,3.4236686810629254e-12,4.707446906926986e-12,1.2216527307639744e-05
0.0,1,66,0.0,0.0,0.0,0.0,0.0,1.0169248951573217e-29,3.2509802209846277e-28,1.851610284129285e-15,1.0658141036401503e-14,3.4236686810629254e-12,4.707446906926986e-12,3.4236686810629254e-12,4.707446906926986e-12,1.1163654155570386e-05
0.0,1,67,0.0,0.0,0.0,0.0,0.0,9.290740598041944e-30,2.970132215895903e-28,1.851610284129285e-15,1.0658141036401503e-14,3.4236686810629254e-12,4.707446906926986e-12,3.4236686810629254e-12,4.707446906926986e-12,1.0201325473392423e-05
0.0,1,68,0.0,0.0,0.0,0.0,0.0,8.488125452642303e-30,2.7135463091900526e-28,1.851610284129285e-15,1.0658141036401503e-14,3.4236686810629254e-12,4.707446906926986e-12,3.4236686810629254e-12,4.707446906926986e-12,9.321787120424555e-06
0.0,1,69,0.0,0.0,0.0,0.0,0.0,7.754847198616064e-30,2.4791265293548222e-28,1.851610284129285e-15,1.0658141036401503e-14,3.4236686810629254e-12,4.707446906926986e-12,3.4236686810629254e-12,4.707446906926986e-12,8.517943654815164e-06
0.0,1,70,0.0,0.0,0.0,0.0,0.0,7.084915910987508e-30,2.2649579731644195e-28,1.851610284129285e-15,1.0658141036401503e-14,3.4236686810629254e-12,4.707446906926986e-12,3.4236686810629254e-12,4.707446906926986e-12,7.783303264340487e-06
0.0,1,71,0.0,0.0,0.0,0.0,0.0,6.472859126704884e-30,2.069291163422837e-28,1.851610284129285e-15,1.0658141036401503e-14,3.4236686810629254e-12,4.707446906926986e-12,3.4236686810629254e-12,4.707446906926986e-12,7.111927154023835e-06
0.0,1,72,0.0,0.0,0.0,0.0,0.0,5.9136771417696426e-30,1.890527758021678e-28,1.851610284129285e-15,1.0658141036401503e-14,3.4236686810629254e-12,4.707446906926986e-12,3.4236686810629254e-12,4.707446906926986e-12,6.4983830545697695e-06
0.0,1,73,0.0,0.0,0.0,0.0,0.0,5.402802170188981e-30,1.727207493574039e-28,1.851610284129285e-15,1.0658141036401503e-14,3.4236686810629254e-12,4.707446906926986e-12,3.4236686810629254e-12,4.707446906926986e-12,5.937702536704891e-06
0.0,1,74,0.0,0.0,0.0,0.0,0.0,4.9360610311342924e-30,1.5779962569711738e-28,1.851610284129285e-15,1.0658141036401503e-14,3.4236686810629254e-12,4.707446906926986e-12,3.4236686810629254e-12,4.707446906926986e-12,5.425341837031516e-06
0.0,1,75,0.0,0.0,0.0,0.0,0.0,4.509641059507888e-30,1.4416751874220008e-28,1.851610284129285e-15,1.0658141036401503e-14,3.4236686810629254e-12,4.707446906926986e-12,3.4236686810629254e-12,4.707446906926986e-12,4.957145920854503e-06
0.0,1,76,0.0,0.0,0.0,0.0,0.0,4.120058961452116e-30,1.3171307199534301e-28,1.851610284129285e-15,1.0658141036401503e-14,3.4236686810629254e-12,4.707446906926986e-12,3.4236686810629254e-12,4.707446906926986e-12,4.529315526452644e-06
0.0,1,77,0.0,0.0,0.0,0.0,0.0,3.764132360391064e-30,1.2033454890399164e-28,1.851610284129285e-15,1.0658141036401503e-14,3.4236686810629254e-12,4.707446906926986e-12,3.4236686810629254e-12,4.707446906926986e-12,4.138376953414267e-06
0.0,1,78,0.0,0.0,0.0,0.0,0.0,3.438953801173138e-30,1.0993900180567606e-28,1.851610284129285e-15,1.0658141036401503e-14,3.4236686810629254e-12,4.707446906926986e-12,3.4236686810629254e-12,4.707446906926986e-12,3.78115437486654e-06
0.0,1,79,0.0,0.0,0.0,0.0,0.0,3.141866999962384e-30,1.0044151266708695e-28,1.851610284129285e-15,1.0658141036401503e-14,3.4236686810629254e-12,4.707446906926986e-12,3.4236686810629254e-12,4.707446906926986e-12,3.4547444696895263e-06
0.0,1,80,0.0,0.0,0.0,0.0,0.0,2.870445145871163e-30,9.176449941472649e-29,1.851610284129285e-15,1.0658141036401503e-14,3.4236686810629254e-12,4.707446906926986e-12,3.4236686810629254e-12,4.707446906926986e-12,3.1564931861052534e-06
0.0,1,81,0.0,0.0,0.0,0.0,0.0,2.622471077086956e-30,8.383708219076501e-29,1.851610284129285e-15,1.0658141036401503e-14,3.4236686810629254e-12,4.707446906926986e-12,3.4236686810629254e-12,4.707446906926986e-12,2.883974462398063e-06
0.0,1,82,0.0,0.0,0.0,0.0,0.0,2.395919169558064e-30,7.659450435723853e-29,1.851610284129285e-15,1.0658141036401503e-14,3.4236686810629254e-12,4.707446906926986e-12,3.4236686810629254e-12,4.707446906926986e-12,2.6349707439478655e-06
0.0,1,83,0.0,0.0,0.0,0.0,0.0,2.1889387902925073e-30,6.997760351895072e-29,1.851610284129285e-15,1.0658141036401503e-14,3.4236686810629254e-12,4.707446906926986e-12,3.4236686810629254e-12,4.707446906926986e-12,2.4074551483041002e-06
0.0,1,84,0.0,0.0,0.0,0.0,0.0,1.9998391801051564e-30,6.393232824402615e-29,1.851610284129285e-15,1.0658141036401503e-14,3.4236686810629254e-12,4.707446906926986e-12,3.4236686810629254e-12,4.707446906926986e-12,2.199575141696846e-06
0.0,1,85,0.0,0.0,0.0,0.0,0.0,1.8270756423249405e-30,5.840929653435479e-29,1.851610284129285e-15,1.0658141036401503e-14,3.4236686810629254e-12,4.707446906926986e-12,3.4236686810629254e-12,4.707446906926986e-12,2.009637601238897e-06
0.0,1,86,0.0,0.0,0.0,0.0,0.0,1.669236924641893e-30,5.336339243920741e-29,1.851610284129285e-15,1.0658141036401503e-14,3.4236686810629254e-12,4.707446906926986e-12,3.4236686810629254e-12,4.707446906926986e-12,1.8360951471411245e-06
0.0,1,87,0.0,0.0,0.0,0.0,0.0,1.5250336910202106e-30,4.87533975168824e-29,1.851610284129285e-15,1.0658141036401503e-14,3.4236686810629254e-12,4.707446906926986e-12,3.4236686810629254e-12,4.707446906926986e-12,1.677533638594875e-06
0.0,1,88,0.0,0.0,0.0,0.0,0.0,1.393287989507943e-30,4.454165413390753e-29,1.851610284129285e-15,1.0658141036401503e-14,3.4236686810629254e-12,4.707446906926986e-12,3.4236686810629254e-12,4.707446906926986e-12,1.5326607356071049e-06
0.0,1,89,0.0,0.0,0.0,0.0,0.0,1.2729236299090811e-30,4.069375785139155e-29,1.851610284129285e-15,1.0658141036401503e-14,3.4236686810629254e-12,4.707446906926986e-12,3.4236686810629254e-12,4.707446906926986e-12,1.4002954370530757e-06
0.0,1,90,0.0,0.0,0.0,0.0,0.0,1.1629573927161647e-30,3.7178276385722747e-29,1.851610284129285e-15,1.0658141036401503e-14,3.4236686810629254e-12,4.707446906926986e-12,3.4236686810629254e-12,4.707446906926986e-12,1.2793585125770097e-06
0.0,1,91,0.0,0.0,0.0,0.0,0.0,1.062490997491957e-30,3.396649284789329e-29,1.851610284129285e-15,1.0658141036401503e-14,3.4236686810629254e-12,4.707446906926986e-12,3.4236686810629254e-12,4.707446906926986e-12,1.1688637527615976e-06
0.0,1,92,0.0,0.0,0.0,0.0,0.0,9.707037650922553e-31,3.103217116404675e-29,1.851610284129285e-15,1.0658141036401503e-14,3.4236686810629254e-12,4.707446906926986e-12,3.4236686810629254e-12,4.707446906926986e-12,1.0679099682481609e-06
0.0,1,93,0.0,0.0,0.0,0.0,0.0,8.86845913789886e-31,2.8351341761044506e-29,1.851610284129285e-15,1.0658141036401503e-14,3.4236686810629254e-12,4.707446906926986e-12,3.4236686810629254e-12,4.707446906926986e-12,9.756736742507013e-07
0.0,1,94,0.0,0.0,0.0,0.0,0.0,8.102324345379133e-31,2.590210576637995e-29,1.851610284129285e-15,1.0658141036401503e-14,3.4236686810629254e-12,4.707446906926986e-12,3.4236686810629254e-12,4.707446906926986e-12,8.914024022093406e-07
0.0,1,95,0.0,0.0,0.0,0.0,0.0,7.402374953410094e-31,2.3664456123011217e-29,1.851610284129285e-15,1.0658141036401503e-14,3.4236686810629254e-12,4.707446906926986e-12,3.4236686810629254e-12,4.707446906926986e-12,8.144085852034404e-07
0.0,1,96,0.0,0.0,0.0,0.0,0.0,6.762893290259783e-31,2.1620114157853214e-29,1.851610284129285e-15,1.0658141036401503e-14,3.4236686810629254e-12,4.707446906926986e-12,3.4236686810629254e-12,4.707446906926986e-12,7.44063968224451e-07
0.0,1,97,0.0,0.0,0.0,0.0,0.0,6.178655626512283e-31,1.9752380268907996e-29,1.851610284129285e-15,1.0658141036401503e-14,3.4236686810629254e-12,4.707446906926986e-12,3.4236686810629254e-12,4.707446906926986e-12,6.7979449852358e-07
0.0,1,98,0.0,0.0,0.0,0.0,0.0,5.644889504025502e-31,1.804599751134188e-29,1.851610284129285e-15,1.0658141036401503e-14,3.4236686810629254e-12,4.707446906926986e-12,3.4236686810629254e-12,4.707446906926986e-12,6.210756550254726e-07
0.0,1,99,0.0,0.0,0.0,0.0,0.0,5.1572347511855386e-31,1.6487026968186276e-29,1.851610284129285e-15,1.0658141036401503e-14,3.4236686810629254e-12,4.707446906926986e-12,3.4236686810629254e-12,4.707446906926986e-12,5.674281792657818e-07
0.0,1,100,0.0,0.0,0.0,0.0,0.0,4.711707866003185e-31,1.5062733887603713e-29,1.851610284129285e-15,1.0658141036401503e-14,3.4236686810629254e-12,4.707446906926986e-12,3.4236686810629254e-12,4.707446906926986e-12,5.184141734894853e-07
0.0,1,101,0.0,0.0,0.0,0.0,0.0,4.304669476108871e-31,1.3761483656608897e-29,1.851610284129285e-15,1.0658141036401503e-14,3.4236686810629254e-12,4.707446906926986e-12,3.4236686810629254e-12,4.707446906926986e-12,4.736335344621828e-07
0.0,1,102,0.0,0.0,0.0,0.0,0.0,3.9327946098368856e-31,1.257264676148647e-29,1.851610284129285e-15,1.0658141036401503e-14,3.4236686810629254e-12,4.707446906926986e-12,3.4236686810629254e-12,4.707446906926986e-12,4.327206942180278e-07
0.0,1,103,0.0,0.0,0.0,0.0,0.0,3.593045535552495e-31,1.148651195855639e-29,1.851610284129285e-15,1.0658141036401503e-14,3.4236686810629254e-12,4.707446906926986e-12,3.4236686810629254e-12,4.707446906926986e-12,3.9534164141720477e-07
0.0,1,104,0.0,0.0,0.0,0.0,0.0,3.2826469473546115e-31,1.0494206946005035e-29,1.851610284129285e-15,1.0658141036401503e-14,3.4236686810629254e-12,4.707446906926986e-12,3.4236686810629254e-12,4.707446906926986e-12,3.6119119922903684e-07
0.0,1,105,0.0,0.0,0.0,0.0,0.0,2.9990632944537863e-31,9.587625888775113e-30,1.851610284129285e-15,1.0658141036401503e-14,3.4236686810629254e-12,4.707446906926986e-12,3.4236686810629254e-12,4.707446906926986e-12,3.2999053771093216e-07
0.0,1,106,0.0,0.0,0.0,0.0,0.0,2.739978069036121e-31,8.759363204487234e-30,1.851610284129285e-15,1.0658141036401503e-14,3.4236686810629254e-12,4.707446906926986e-12,3.4236686810629254e-12,4.707446906926986e-12,3.014849005353449e-07
0.0,1,107,0.0,0.0,0.0,0.0,0.0,2.503274883421973e-31,8.00265306951055e-30,1.851610284129285e-15,1.0658141036401503e-14,3.4236686810629254e-12,4.707446906926986e-12,3.4236686810629254e-12,4.707446906926986e-12,2.7544152763904434e-07
0.0,1,108,0.0,0.0,0.0,0.0,0.0,2.287020181944628e-31,7.311314151026288e-30,1.851610284129285e-15,1.0658141036401503e-14,3.4236686810629254e-12,4.707446906926986e-12,3.4236686810629254e-12,4.707446906926986e-12,2.516477569456358e-07
0.0,1,109,0.0,0.0,0.0,0.0,0.0,2.0894474463275955e-31,6.679699113617423e-30,1.851610284129285e-15,1.0658141036401503e-14,3.4236686810629254e-12,4.707446906926986e-12,3.4236686810629254e-12,4.707446906926986e-12,2.2990928975533206e-07
0.0,1,110,0.0,0.0,0.0,0.0,0.0,1.9089427655390057e-31,6.102648487918986e-30,1.851610284129285e-15,1.0658141036401503e-14,3.4236686810629254e-12,4.707446906926986e-12,3.4236686810629254e-12,4.707446906926986e-12,2.1004860571625196e-07
0.0,1,111,0.0,0.0,0.0,0.0,0.0,1.744031652247825e-31,5.5754485244966695e-30,1.851610284129285e-15,1.0658141036401503e-14,3.4236686810629254e-12,4.707446906926986e-12,3.4236686810629254e-12,4.707446906926986e-12,1.9190351449954232e-07
0.0,1,112,0.0,0.0,0.0,0.0,0.0,1.5933669981894114e-31,5.0937926886744776e-30,1.851610284129285e-15,1.0658141036401503e-14,3.4236686810629254e-12,4.707446906926986e-12,3.4236686810629254e-12,4.707446906926986e-12,1.7532583240588375e-07
0.0,1,113,0.0,0.0,0.0,0.0,0.0,1.455718070051614e-31,4.6537464817749165e-30,1.851610284129285e-15,1.0658141036401503e-14,3.4236686810629254e-12,4.707446906926986e-12,3.4236686810629254e-12,4.707446906926986e-12,1.6018017314156183e-07
0.0,1,114,0.0,0.0,0.0,0.0,0.0,1.329960455992127e-31,4.251715301407007e-30,1.851610284129285e-15,1.0658141036401503e-14,3.4236686810629254e-12,4.707446906926986e-12,3.4236686810629254e-12,4.707446906926986e-12,1.4634284292726058e-07
0.0,1,115,0.0,0.0,0.0,0.0,0.0,1.2150668806632814e-31,3.8844150782627006e-30,1.851610284129285e-15,1.0658141036401503e-14,3.4236686810629254e-12,4.707446906926986e-12,3.4236686810629254e-12,4.707446906926986e-12,1.3370083094774538e-07
0.0,1,116,0.0,0.0,0.0,0.0,0.0,1.1100988137150571e-31,3.548845449562761e-30,1.851610284129285e-15,1.0658141036401503e-14,3.4236686810629254e-12,4.707446906926986e-12,3.4236686810629254e-12,4.707446906926986e-12,1.2215088692431205e-07
0.0,1,117,0.0,0.0,0.0,0.0,0.0,1.0141988032287413e-31,3.2422652500142006e-30,1.851610284129285e-15,1.0658141036401503e-14,3.4236686810629254e-12,4.707446906926986e-12,3.4236686810629254e-12,4.707446906926986e-12,1.1159867829847219e-07
0.0,1,118,0.0,0.0,0.0,0.0,0.0,9.265834714553909e-32,2.962170120072374e-30,1.851610284129285e-15,1.0658141036401503e-14,3.4236686810629254e-12,4.707446906926986e-12,3.4236686810629254e-12,4.707446906926986e-12,1.0195802016206326e-07
0.0,1,119,0.0,0.0,0.0,0.0,0.0,8.465371156434774e-32,2.706272048596633e-30,1.851610284129285e-15,1.0658141036401503e-14,3.4236686810629254e-12,4.707446906926986e-12,3.4236686810629254e-12,4.707446906926986e-12,9.315017165967718e-08
0.0,1,120,0.0,0.0,0.0,0.0,0.0,7.734058616827776e-32,2.4724806827895657e-30,1.851610284129285e-15,1.0658141036401503e-14,3.4236686810629254e-12,4.707446906926986e-12,3.4236686810629254e-12,4.707446906926986e-12,8.51031931297956e-08
0.0,1,121,0.0,0.0,0.0,0.0,0.0,7.06592322807493e-32,2.258886252746692e-30,1.851610284129285e-15,1.0658141036401503e-14,3.4236686810629254e-12,4.707446906926986e-12,3.4236686810629254e-12,4.707446906926986e-12,7.77513587447591e-08
0.0,1,122,0.0,0.0,0.0,0.0,0.0,6.455507197271176e-32,2.0637439711322816e-30,1.851610284129285e-15,1.0658141036401503e-14,3.4236686810629254e-12,4.707446906926986e-12,3.4236686810629254e-12,4.707446906926986e-12,7.103461986120374e-08
0.0,1,123,0.0,0.0,0.0,0.0,0.0,5.897824223229458e-32,1.885459780547191e-30,1.851610284129285e-15,1.0658141036401503e-14,3.4236686810629254e-12,4.707446906926986e-12,3.4236686810629254e-12,4.707446906926986e-12,6.489811470526042e-08
0.0,1,124,0.0,0.0,0.0,0.0,0.0,5.388318764916855e-32,1.7225773321632595e-30,1.851610284129285e-15,1.0658141036401503e-14,3.4236686810629254e-12,4.707446906926986e-12,3.4236686810629254e-12,4.707446906926986e-12,5.9291720393948634e-08
0.0,1,125,0.0,0.0,0.0,0.0,0.0,4.9228288286382666e-32,1.5737660892567737e-30,1.851610284129285e-15,1.0658141036401503e-14,3.4236686810629254e-12,4.707446906926986e-12,3.4236686810629254e-12,4.707446906926986e-12,5.4169643638948964e-08
0.0,1,126,0.0,0.0,0.0,0.0,0.0,4.497551969987437e-32,1.437810458462384e-30,1.851610284129285e-15,1.0658141036401503e-14,3.4236686810629254e-12,4.707446906926986e-12,3.4236686810629254e-12,4.707446906926986e-12,4.949004679398513e-08
0.0,1,127,0.0,0.0,0.0,0.0,0.0,4.1090142328457273e-32,1.3135998599640147e-30,1.851610284129285e-15,1.0658141036401503e-14,3.4236686810629254e-12,4.707446906926986e-12,3.4236686810629254e-12,4.707446906926986e-12,4.5214706195041145e-08
0.0,1,128,0.0,0.0,0.0,0.0,0.0,3.7540417717009497e-32,1.2001196555092525e-30,1.851610284129285e-15,1.0658141036401503e-14,3.4236686810629254e-12,4.707446906926986e-12,3.4236686810629254e-12,4.707446906926986e-12,4.13087000056762e-08
0.0,1,129,0.0,0.0,0.0,0.0,0.0,3.429734925477614e-32,1.096442860140912e-30,1.851610284129285e-15,1.0658141036401503e-14,3.4236686810629254e-12,4.707446906926986e-12,3.4236686810629254e-12,4.707446906926986e-12,3.774012302029812e-08
0.0,1,130,0.0,0.0,0.0,0.0,0.0,3.133444531095642e-32,1.0017225699414563e-30,1.851610284129285e-15,1.0658141036401503e-14,3.4236686810629254e-12,4.707446906926986e-12,3.4236686810629254e-12,4.707446906926986e-12,3.447982609795807e-08
0.0,1,131,0.0,0.0,0.0,0.0,0.0,2.86275028327033e-32,9.15185043934852e-31,1.851610284129285e-15,1.0658141036401503e-14,3.4236686810629254e-12,4.707446906926986e-12,3.4236686810629254e-12,4.707446906926986e-12,3.150117810006083e-08
0.0,1,132,0.0,0.0,0.0,0.0,0.0,2.615440963781408e-32,8.361233836340416e-31,1.851610284129285e-15,1.0658141036401503e-14,3.4236686810629254e-12,4.707446906926986e-12,3.4236686810629254e-12,4.707446906926986e-12,2.8779848388915934e-08
0.0,1,133,0.0,0.0,0.0,0.0,0.0,2.38949637871012e-32,7.638917586041814e-31,1.851610284129285e-15,1.0658141036401503e-14,3.4236686810629254e-12,4.707446906926986e-12,3.4236686810629254e-12,4.707446906926986e-12,2.6293608111732994e-08
0.0,1,134,0.0,0.0,0.0,0.0,0.0,2.1830708560952124e-32,6.9790013087206065e-31,1.851610284129285e-15,1.0658141036401503e-14,3.4236686810629254e-12,4.707446906926986e-12,3.4236686810629254e-12,4.707446906926986e-12,2.4022148647923542e-08
0.0,1,135,0.0,0.0,0.0,0.0,0.0,1.9944781692052327e-32,6.376094350870173e-31,1.851610284129285e-15,1.0658141036401503e-14,3.4236686810629254e-12,4.707446906926986e-12,3.4236686810629254e-12,4.707446906926986e-12,2.1946915737552034e-08
0.0,1,136,0.0,0.0,0.0,0.0,0.0,1.8221777622699137e-32,5.825271750615444e-31,1.851610284129285e-15,1.0658141036401503e-14,3.4236686810629254e-12,4.707446906926986e-12,3.4236686810629254e-12,4.707446906926986e-12,2.0050957936773413e-08
0.0,1,137,0.0,0.0,0.0,0.0,0.0,1.664762166153016e-32,5.322034007211229e-31,1.851610284129285e-15,1.0658141036401503e-14,3.4236686810629254e-12,4.707446906926986e-12,3.4236686810629254e-12,4.707446906926986e-12,1.8318788162956035e-08
0.0,1,138,0.0,0.0,0.0,0.0,0.0,1.5209455011689208e-32,4.86227032600158e-31,1.851610284129285e-15,1.0658141036401503e-14,3.4236686810629254e-12,4.707446906926986e-12,3.4236686810629254e-12,4.707446906926986e-12,1.673625719903459e-08
0.0,1,139,0.0,0.0,0.0,0.0,0.0,1.3895529731262286e-32,4.442225038600215e-31,1.851610284129285e-15,1.0658141036401503e-14,3.4236686810629254e-12,4.707446906926986e-12,3.4236686810629254e-12,4.707446906926986e-12,1.529043812423019e-08
0.0,1,140,0.0,0.0,0.0,0.0,0.0,1.2695112767945867e-32,4.058466923988184e-31,1.851610284129285e-15,1.0658141036401503e-14,3.4236686810629254e-12,4.707446906926986e-12,3.4236686810629254e-12,4.707446906926986e-12,1.3969520727462866e-08
0.0,1,141,0.0,0.0,0.0,0.0,0.0,1.1598398284037297e-32,3.707861179922636e-31,1.851610284129285e-15,1.0658141036401503e-14,3.4236686810629254e-12,4.707446906926986e-12,3.4236686810629254e-12,4.707446906926986e-12,1.2762715041258763e-08
0.0,1,142,0.0,0.0,0.0,0.0,0.0,1.0596427555556583e-32,3.3875438156995457e-31,1.851610284129285e-15,1.0658141036401503e-14,3.4236686810629254e-12,4.707446906926986e-12,3.4236686810629254e-12,4.707446906926986e-12,1.1660163208403186e-08
0.0,1,143,0.0,0.0,0.0,0.0,0.0,9.681015791179898e-33,3.094898257092698e-31,1.851610284129285e-15,1.0658141036401503e-14,3.4236686810629254e-12,4.707446906926986e-12,3.4236686810629254e-12,4.707446906926986e-12,1.0652858961636759e-08
0.0,1,144,0.0,0.0,0.0,0.0,0.0,8.844685273191732e-33,2.8275339723620408e-31,1.851610284129285e-15,1.0658141036401503e-14,3.4236686810629254e-12,4.707446906926986e-12,3.4236686810629254e-12,4.707446906926986e-12,9.732574058812866e-09
0.0,1,145,0.0,0.0,0.0,0.0,0.0,8.080604274304202e-33,2.5832669447336876e-31,1.851610284129285e-15,1.0658141036401503e-14,3.4236686810629254e-12,4.707446906926986e-12,3.4236686810629254e-12,4.707446906926986e-12,8.891791072743452e-09
0.0,1,146,0.0,0.0,0.0,0.0,0.0,7.382531251373772e-33,2.360101831837254e-31,1.851610284129285e-15,1.0658141036401503e-14,3.4236686810629254e-12,4.707446906926986e-12,3.4236686810629254e-12,4.707446906926986e-12,8.123641986844209e-09
0.0,1,147,0.0,0.0,0.0,0.0,0.0,6.744763860151223e-33,2.1562156663665274e-31,1.851610284129285e-15,1.0658141036401503e-14,3.4236686810629254e-12,4.707446906926986e-12,3.4236686810629254e-12,4.707446906926986e-12,7.421852095084834e-09
0.0,1,148,0.0,0.0,0.0,0.0,0.0,6.162092374581761e-33,1.9699429648190836e-31,1.851610284129285e-15,1.0658141036401503e-14,3.4236686810629254e-12,4.707446906926986e-12,3.4236686810629254e-12,4.707446906926986e-12,6.780688748071686e-09
0.0,1,149,0.0,0.0,0.0,0.0,0.0,5.629757130152137e-33,1.7997621226728214e-31,1.851610284129285e-15,1.0658141036401503e-14,3.4236686810629254e-12,4.707446906926986e-12,3.4236686810629254e-12,4.707446906926986e-12,6.194914526651499e-09
0.0,1,150,0.0,0.0,0.0,0.0,0.0,5.1434096436520774e-33,1.6442829848656306e-31,1.851610284129285e-15,1.0658141036401503e-14,3.4236686810629254e-12,4.707446906926986e-12,3.4236686810629254e-12,4.707446906926986e-12,5.659744460597787e-09
0.0,1,151,0.0,0.0,0.0,0.0,0.0,4.69907709174984e-33,1.5022354900454427e-31,1.851610284129285e-15,1.0658141036401503e-14,3.4236686810629254e-12,4.707446906926986e-12,3.4236686810629254e-12,4.707446906926986e-12,5.170806942951882e-09
0.0,1,152,0.0,0.0,0.0,0.0,0.0,4.293129858217801e-33,1.3724592958288657e-31,1.851610284129285e-15,1.0658141036401503e-14,3.4236686810629254e-12,4.707446906926986e-12,3.4236686810629254e-12,4.707446906926986e-12,4.724108020790468e-09
0.0,1,153,0.0,0.0,0.0,0.0,0.0,3.9222518847116614e-33,1.2538943003204422e-31,1.851610284129285e-15,1.0658141036401503e-14,3.4236686810629254e-12,4.707446906926986e-12,3.4236686810629254e-12,4.707446906926986e-12,4.315998770752087e-09
0.0,1,154,0.0,0.0,0.0,0.0,0.0,3.5834135829076796e-33,1.145571982465656e-31,1.851610284129285e-15,1.0658141036401503e-14,3.4236686810629254e-12,4.707446906926986e-12,3.4236686810629254e-12,4.707446906926986e-12,3.943145492856676e-09
0.0,1,155,0.0,0.0,0.0,0.0,0.0,3.273847086725591e-33,1.0466074904997286e-31,1.851610284129285e-15,1.0658141036401503e-14,3.4236686810629254e-12,4.707446906926986e-12,3.4236686810629254e-12,4.707446906926986e-12,3.6025024791623293e-09
0.0,1,156,0.0,0.0,0.0,0.0,0.0,2.991023642480228e-33,9.561924138651674e-32,1.851610284129285e-15,1.0658141036401503e-14,3.4236686810629254e-12,4.707446906926986e-12,3.4236686810629254e-12,4.707446906926986e-12,3.2912871348372322e-09
0.0,1,157,0.0,0.0,0.0,0.0,0.0,2.7326329522688405e-33,8.735881795540551e-32,1.851610284129285e-15,1.0658141036401503e-14,3.4236686810629254e-12,4.707446906926986e-12,3.4236686810629254e-12,4.707446906926986e-12,3.0069572484347796e-09
0.0,1,158,0.0,0.0,0.0,0.0,0.0,2.496564301856692e-33,7.981200189318588e-32,1.851610284129285e-15,1.0658141036401503e-14,3.4236686810629254e-12,4.707446906926986e-12,3.4236686810629254e-12,4.707446906926986e-12,2.747190225715026e-09
0.0,1,159,0.0,0.0,0.0,0.0,0.0,2.2808893189003767e-33,7.291714557595799e-32,1.851610284129285e-15,1.0658141036401503e-14,3.4236686810629254e-12,4.707446906926986e-12,3.4236686810629254e-12,4.707446906926986e-12,2.509864117389369e-09
0.0,1,160,0.0,0.0,0.0,0.0,0.0,2.083846220666043e-33,6.661792703885796e-32,1.851610284129285e-15,1.0658141036401503e-14,3.4236686810629254e-12,4.707446906926986e-12,3.4236686810629254e-12,4.707446906926986e-12,2.2930402858241454e-09
0.0,1,161,0.0,0.0,0.0,0.0,0.0,1.903825422567034e-33,6.086288989921545e-32,1.851610284129285e-15,1.0658141036401503e-14,3.4236686810629254e-12,4.707446906926986e-12,3.4236686810629254e-12,4.707446906926986e-12,2.0949475691173195e-09
0.0,1,162,0.0,0.0,0.0,0.0,0.0,1.7393563899614715e-33,5.560502302515842e-32,1.851610284129285e-15,1.0658141036401503e-14,3.4236686810629254e-12,4.707446906926986e-12,3.4236686810629254e-12,4.707446906926986e-12,1.9139678131977302e-09
0.0,1,163,0.0,0.0,0.0,0.0,0.0,1.5890956258061428e-33,5.080137651610686e-32,1.851610284129285e-15,1.0658141036401503e-14,3.4236686810629254e-12,4.707446906926986e-12,3.4236686810629254e-12,4.707446906926986e-12,1.7486226537698861e-09
0.0,1,164,0.0,0.0,0.0,0.0,0.0,1.4518156960415435e-33,4.6412710858218444e-32,1.851610284129285e-15,1.0658141036401503e-14,3.4236686810629254e-12,4.707446906926986e-12,3.4236686810629254e-12,4.707446906926986e-12,1.5975614401332522e-09
0.0,1,165,0.0,0.0,0.0,0.0,0.0,1.3263952030598062e-33,4.240317638884457e-32,1.851610284129285e-15,1.0658141036401503e-14,3.4236686810629254e-12,4.707446906926986e-12,3.4236686810629254e-12,4.707446906926986e-12,1.459550202234664e-09
0.0,1,166,0.0,0.0,0.0,0.0,0.0,1.2118096253518672e-33,3.8740020451640604e-32,1.851610284129285e-15,1.0658141036401503e-14,3.4236686810629254e-12,4.707446906926986e-12,3.4236686810629254e-12,4.707446906926986e-12,1.333461570831875e-09
0.0,1,167,0.0,0.0,0.0,0.0,0.0,1.1071229485057342e-33,3.5393319850169566e-32,1.851610284129285e-15,1.0658141036401503e-14,3.4236686810629254e-12,4.707446906926986e-12,3.4236686810629254e-12,4.707446906926986e-12,1.2182655684320627e-09
0.0,1,168,0.0,0.0,0.0,0.0,0.0,1.0114800191920596e-33,3.2335736414495253e-32,1.851610284129285e-15,1.0658141036401503e-14,3.4236686810629254e-12,4.707446906926986e-12,3.4236686810629254e-12,4.707446906926986e-12,1.113021195782205e-09
0.0,1,169,0.0,0.0,0.0,0.0,0.0,9.240995596790962e-34,2.9542293684063863e-32,1.851610284129285e-15,1.0658141036401503e-14,3.4236686810629254e-12,4.707446906926986e-12,3.4236686810629254e-12,4.707446906926986e-12,1.0168687451847902e-09
0.0,1,170,0.0,0.0,0.0,0.0,0.0,8.442677858147063e-34,2.699017288266389e-32,1.851610284129285e-15,1.0658141036401503e-14,3.4236686810629254e-12,4.707446906926986e-12,3.4236686810629254e-12,4.707446906926986e-12,9.290227778517191e-10
0.0,1,171,0.0,0.0,0.0,0.0,0.0,7.713325763427392e-34,2.4658526518848064e-32,1.851610284129285e-15,1.0658141036401503e-14,3.4236686810629254e-12,4.707446906926986e-12,3.4236686810629254e-12,4.707446906926986e-12,8.487657079304959e-10
0.0,1,172,0.0,0.0,0.0,0.0,0.0,7.046981459246415e-34,2.2528308089174365e-32,1.851610284129285e-15,1.0658141036401503e-14,3.4236686810629254e-12,4.707446906926986e-12,3.4236686810629254e-12,4.707446906926986e-12,7.754419407951147e-10
0.0,1,173,0.0,0.0,0.0,0.0,0.0,6.4382017835192136e-34,2.0582116493166294e-32,1.851610284129285e-15,1.0658141036401503e-14,3.4236686810629254e-12,4.707446906926986e-12,3.4236686810629254e-12,4.707446906926986e-12,7.084525177189628e-10
0.0,1,174,0.0,0.0,0.0,0.0,0.0,5.88201380194101e-34,1.880405388906378e-32,1.851610284129285e-15,1.0658141036401503e-14,3.4236686810629254e-12,4.707446906926986e-12,3.4236686810629254e-12,4.707446906926986e-12,6.472502231851283e-10
0.0,1,175,0.0,0.0,0.0,0.0,0.0,5.3738741856134956e-34,1.7179595829234393e-32,1.851610284129285e-15,1.0658141036401503e-14,3.4236686810629254e-12,4.707446906926986e-12,3.4236686810629254e-12,4.707446906926986e-12,5.913351148678803e-10
0.0,1,176,0.0,0.0,0.0,0.0,0.0,4.909632097985458e-34,1.569547261441834e-32,1.851610284129285e-15,1.0658141036401503e-14,3.4236686810629254e-12,4.707446906926986e-12,3.4236686810629254e-12,4.707446906926986e-12,5.402504397712791e-10
0.0,1,177,0.0,0.0,0.0,0.0,0.0,4.485495287943234e-34,1.4339560897628803e-32,1.851610284129285e-15,1.0658141036401503e-14,3.4236686810629254e-12,4.707446906926986e-12,3.4236686810629254e-12,4.707446906926986e-12,4.935789031660876e-10
0.0,1,178,0.0,0.0,0.0,0.0,0.0,4.097999112075327e-34,1.310078465225145e-32,1.851610284129285e-15,1.0658141036401503e-14,3.4236686810629254e-12,4.707446906926986e-12,3.4236686810629254e-12,4.707446906926986e-12,4.5093925984698323e-10
0.0,1,179,0.0,0.0,0.0,0.0,0.0,3.743978233063903e-34,1.1969024695382971e-32,1.851610284129285e-15,1.0658141036401503e-14,3.4236686810629254e-12,4.707446906926986e-12,3.4236686810629254e-12,4.707446906926986e-12,4.1198319986574874e-10
0.0,1,180,0.0,0.0,0.0,0.0,0.0,3.4205407630158264e-34,1.0935036027331988e-32,1.851610284129285e-15,1.0658141036401503e-14,3.4236686810629254e-12,4.707446906926986e-12,3.4236686810629254e-12,4.707446906926986e-12,3.763925033011495e-10
0.0,1,181,0.0,0.0,0.0,0.0,0.0,3.1250446405181202e-34,9.990372312054296e-33,1.851610284129285e-15,1.0658141036401503e-14,3.4236686810629254e-12,4.707446906926986e-12,3.4236686810629254e-12,4.707446906926986e-12,3.4387644082369034e-10
0.0,1,182,0.0,0.0,0.0,0.0,0.0,2.8550760484493244e-34,9.127316881626521e-33,1.851610284129285e-15,1.0658141036401503e-14,3.4236686810629254e-12,4.707446906926986e-12,3.4236686810629254e-12,4.707446906926986e-12,3.141693988218324e-10
0.0,1,183,0.0,0.0,0.0,0.0,0.0,2.6084296962482823e-34,8.338819701154262e-33,1.851610284129285e-15,1.0658141036401503e-14,3.4236686810629254e-12,4.707446906926986e-12,3.4236686810629254e-12,4.707446906926986e-12,2.870287096899357e-10
0.0,1,184,0.0,0.0,0.0,0.0,0.0,2.383090805572517e-34,7.618439779201224e-33,1.851610284129285e-15,1.0658141036401503e-14,3.4236686810629254e-12,4.707446906926986e-12,3.4236686810629254e-12,4.707446906926986e-12,2.622326695543429e-10
0.0,1,185,0.0,0.0,0.0,0.0,0.0,2.1772186521923817e-34,6.96029255330723e-33,1.851610284129285e-15,1.0658141036401503e-14,3.4236686810629254e-12,4.707446906926986e-12,3.4236686810629254e-12,4.707446906926986e-12,2.395787272453034e-10
0.0,1,186,0.0,0.0,0.0,0.0,0.0,1.989131529679836e-34,6.359001820803722e-33,1.851610284129285e-15,1.0658141036401503e-14,3.4236686810629254e-12,4.707446906926986e-12,3.4236686810629254e-12,4.707446906926986e-12,2.1888182972098604e-10
0.0,1,187,0.0,0.0,0.0,0.0,0.0,1.8172930120648425e-34,5.809655822264432e-33,1.851610284129285e-15,1.0658141036401503e-14,3.4236686810629254e-12,4.707446906926986e-12,3.4236686810629254e-12,4.707446906926986e-12,1.9997291042789138e-10
0.0,1,188,0.0,0.0,0.0,0.0,0.0,1.6602994032432173e-34,5.30776711885026e-33,1.851610284129285e-15,1.0658141036401503e-14,3.4236686810629254e-12,4.707446906926986e-12,3.4236686810629254e-12,4.707446906926986e-12,1.826975082496892e-10
0.0,1,189,0.0,0.0,0.0,0.0,0.0,1.516868270614045e-34,4.8492359357989044e-33,1.851610284129285e-15,1.0658141036401503e-14,3.4236686810629254e-12,4.707446906926986e-12,3.4236686810629254e-12,4.707446906926986e-12,1.6691450576313836e-10
0.0,1,190,0.0,0.0,0.0,0.0,0.0,1.3858279692813863e-34,4.430316672623197e-33,1.851610284129285e-15,1.0658141036401503e-14,3.4236686810629254e-12,4.707446906926986e-12,3.4236686810629254e-12,4.707446906926986e-12,1.5249497649429533e-10
0.0,1,191,0.0,0.0,0.0,0.0,0.0,1.266108071246769e-34,4.047587306450461e-33,1.851610284129285e-15,1.0658141036401503e-14,3.4236686810629254e-12,4.707446906926986e-12,3.4236686810629254e-12,4.707446906926986e-12,1.3932113175864728e-10
0.0,1,192,0.0,0.0,0.0,0.0,0.0,1.1567306214114407e-34,3.697921438568074e-33,1.851610284129285e-15,1.0658141036401503e-14,3.4236686810629254e-12,4.707446906926986e-12,3.4236686810629254e-12,4.707446906926986e-12,1.2728535848231723e-10
0.0,1,193,0.0,0.0,0.0,0.0,0.0,1.056802148961349e-34,3.378462755832023e-33,1.851610284129285e-15,1.0658141036401503e-14,3.4236686810629254e-12,4.707446906926986e-12,3.4236686810629254e-12,4.707446906926986e-12,1.1628934014453018e-10
0.0,1,194,0.0,0.0,0.0,0.0,0.0,9.65506368878327e-35,3.0866016983216246e-33,1.851610284129285e-15,1.0658141036401503e-14,3.4236686810629254e-12,4.707446906926986e-12,3.4236686810629254e-12,4.707446906926986e-12,1.0624325366067845e-10
0.0,1,195,0.0,0.0,0.0,0.0,0.0,8.820975139583132e-35,2.8199541426454584e-33,1.851610284129285e-15,1.0658141036401503e-14,3.4236686810629254e-12,4.707446906926986e-12,3.4236686810629254e-12,4.707446906926986e-12,9.706503564559434e-11
0.0,1,196,0.0,0.0,0.0,0.0,0.0,8.058942428680064e-35,2.5763419267692883e-33,1.851610284129285e-15,1.0658141036401503e-14,3.4236686810629254e-12,4.707446906926986e-12,3.4236686810629254e-12,4.707446906926986e-12,8.867971206330124e-11
0.0,1,197,0.0,0.0,0.0,0.0,0.0,7.362740744766333e-35,2.3537750572789327e-33,1.851610284129285e-15,1.0658141036401503e-14,3.4236686810629254e-12,4.707446906926986e-12,3.4236686810629254e-12,4.707446906926986e-12,8.101878578746152e-11
0.0,1,198,0.0,0.0,0.0,0.0,0.0,6.72668302998676e-35,2.1504354537349387e-33,1.851610284129285e-15,1.0658141036401503e-14,3.4236686810629254e-12,4.707446906926986e-12,3.4236686810629254e-12,4.707446906926986e-12,7.401967706963384e-11
0.0,1,199,0.0,0.0,0.0,0.0,0.0,6.145573524108616e-35,1.964662097331491e-33,1.851610284129285e-15,1.0658141036401503e-14,3.4236686810629254e-12,4.707446906926986e-12,3.4236686810629254e-12,4.707446906926986e-12,6.762521234475004e-11
0.0,1,200,0.0,0.0,0.0,0.0,0.0,5.614665321951277e-35,1.794937462543688e-33,1.851610284129285e-15,1.0658141036401503e-14,3.4236686810629254e-12,4.707446906926986e-12,3.4236686810629254e-12,4.707446906926986e-12,6.178315719798408e-11
0.0,1,201,0.0,0.0,0.0,0.0,0.0,5.129621597374793e-35,1.6398751209273073e-33,1.851610284129285e-15,1.0658141036401503e-14,3.4236686810629254e-12,4.707446906926986e-12,3.4236686810629254e-12,4.707446906926986e-12,5.644578967800992e-11
0.0,1,202,0.0,0.0,0.0,0.0,0.0,4.686480177078362e-35,1.4982084158104207e-33,1.851610284129285e-15,1.0658141036401503e-14,3.4236686810629254e-12,4.707446906926986e-12,3.4236686810629254e-12,4.707446906926986e-12,5.1569510471157525e-11
0.0,1,203,0.0,0.0,0.0,0.0,0.0,4.28162117482282e-35,1.3687801153638357e-33,1.851610284129285e-15,1.0658141036401503e-14,3.4236686810629254e-12,4.707446906926986e-12,3.4236686810629254e-12,4.707446906926986e-12,4.711448675212045e-11
0.0,1,204,0.0,0.0,0.0,0.0,0.0,3.9117374216911447e-35,1.2505329595295192e-33,1.851610284129285e-15,1.0658141036401503e-14,3.4236686810629254e-12,4.707446906926986e-12,3.4236686810629254e-12,4.707446906926986e-12,4.3044326801902274e-11
0.0,1,205,0.0,0.0,0.0,0.0,0.0,3.5738074508406465e-35,1.142501023587689e-33,1.851610284129285e-15,1.0658141036401503e-14,3.4236686810629254e-12,4.707446906926986e-12,3.4236686810629254e-12,4.707446906926986e-12,3.932578273512587e-11
0.0,1,206,0.0,0.0,0.0,0.0,0.0,3.2650708160678115e-35,1.0438018278142818e-33,1.851610284129285e-15,1.0658141036401503e-14,3.4236686810629254e-12,4.707446906926986e-12,3.4236686810629254e-12,4.707446906926986e-12,3.59284789083233e-11
0.0,1,207,0.0,0.0,0.0,0.0,0.0,2.983005542570599e-35,9.536291287749692e-34,1.851610284129285e-15,1.0658141036401503e-14,3.4236686810629254e-12,4.707446906926986e-12,3.4236686810629254e-12,4.707446906926986e-12,3.282466379067041e-11
0.0,1,208,0.0,0.0,0.0,0.0,0.0,2.725307525710368e-35,8.712463333700077e-34,1.851610284129285e-15,1.0658141036401503e-14,3.4236686810629254e-12,4.707446906926986e-12,3.4236686810629254e-12,4.707446906926986e-12,2.9988983270309136e-11
0.0,1,209,0.0,0.0,0.0,0.0,0.0,2.489871709488383e-35,7.959804818313219e-34,1.851610284129285e-15,1.0658141036401503e-14,3.4236686810629254e-12,4.707446906926986e-12,3.4236686810629254e-12,4.707446906926986e-12,2.7398273544413177e-11
0.0,1,210,0.0,0.0,0.0,0.0,0.0,2.2747748909894722e-35,7.2721675052071245e-34,1.851610284129285e-15,1.0658141036401503e-14,3.4236686810629254e-12,4.707446906926986e-12,3.4236686810629254e-12,4.707446906926986e-12,2.503137190123085e-11
0.0,1,211,0.0,0.0,0.0,0.0,0.0,2.0782600103277793e-35,6.643934296242874e-34,1.851610284129285e-15,1.0658141036401503e-14,3.4236686810629254e-12,4.707446906926986e-12,3.4236686810629254e-12,4.707446906926986e-12,2.2868943848409552e-11
0.0,1,212,0.0,0.0,0.0,0.0,0.0,1.89872179776386e-35,6.069973347174026e-34,1.851610284129285e-15,1.0658141036401503e-14,3.4236686810629254e-12,4.707446906926986e-12,3.4236686810629254e-12,4.707446906926986e-12,2.089332517548863e-11
0.0,1,213,0.0,0.0,0.0,0.0,0.0,1.7346936607489384e-35,5.545596147186242e-34,1.851610284129285e-15,1.0658141036401503e-14,3.4236686810629254e-12,4.707446906926986e-12,3.4236686810629254e-12,4.707446906926986e-12,1.9088377660400734e-11
0.0,1,214,0.0,0.0,0.0,0.0,0.0,1.5848357037805476e-35,5.0665192198915915e-34,1.851610284129285e-15,1.0658141036401503e-14,3.4236686810629254e-12,4.707446906926986e-12,3.4236686810629254e-12,4.707446906926986e-12,1.7439357241301778e-11
0.0,1,215,0.0,0.0,0.0,0.0,0.0,1.447923783207452e-35,4.628829132924753e-34,1.851610284129285e-15,1.0658141036401503e-14,3.4236686810629254e-12,4.707446906926986e-12,3.4236686810629254e-12,4.707446906926986e-12,1.5932793576873365e-11
0.0,1,216,0.0,0.0,0.0,0.0,0.0,1.3228395075759086e-35,4.228950530315238e-34,1.851610284129285e-15,1.0658141036401503e-14,3.4236686810629254e-12,4.707446906926986e-12,3.4236686810629254e-12,4.707446906926986e-12,1.455638001124556e-11
0.0,1,217,0.0,0.0,0.0,0.0,0.0,1.2085611018331884e-35,3.863616926501984e-34,1.851610284129285e-15,1.0658141036401503e-14,3.4236686810629254e-12,4.707446906926986e-12,3.4236686810629254e-12,4.707446906926986e-12,1.3298873044712404e-11
0.0,1,218,0.0,0.0,0.0,0.0,0.0,1.1041550607607868e-35,3.5298440234153938e-34,1.851610284129285e-15,1.0658141036401503e-14,3.4236686810629254e-12,4.707446906926986e-12,3.4236686810629254e-12,4.707446906926986e-12,1.2150000489041558e-11
0.0,1,219,0.0,0.0,0.0,0.0,0.0,1.0087685234568555e-35,3.224905332662504e-34,1.851610284129285e-15,1.0658141036401503e-14,3.4236686810629254e-12,4.707446906926986e-12,3.4236686810629254e-12,4.707446906926986e-12,1.1100377557126628e-11
0.0,1,220,0.0,0.0,0.0,0.0,0.0,9.216223065772736e-36,2.9463099036801814e-34,1.851610284129285e-15,1.0658141036401503e-14,3.4236686810629254e-12,4.707446906926986e-12,3.4236686810629254e-12,4.707446906926986e-12,1.0141430201548689e-11
0.0,1,221,0.0,0.0,0.0,0.0,0.0,8.420045394260767e-36,2.691781975924555e-34,1.851610284129285e-15,1.0658141036401503e-14,3.4236686810629254e-12,4.707446906926986e-12,3.4236686810629254e-12,4.707446906926986e-12,9.265325075816457e-12
0.0,1,222,0.0,0.0,0.0,0.0,0.0,7.692648489022618e-36,2.4592423888817167e-34,1.851610284129285e-15,1.0658141036401503e-14,3.4236686810629254e-12,4.707446906926986e-12,3.4236686810629254e-12,4.707446906926986e-12,8.46490554616893e-12
0.0,1,223,0.0,0.0,0.0,0.0,0.0,7.028090468015505e-36,2.24679159804366e-34,1.851610284129285e-15,1.0658141036401503e-14,3.4236686810629254e-12,4.707446906926986e-12,3.4236686810629254e-12,4.707446906926986e-12,7.733633231233161e-12
0.0,1,224,0.0,0.0,0.0,0.0,0.0,6.420942760753398e-36,2.0526941581122755e-34,1.851610284129285e-15,1.0658141036401503e-14,3.4236686810629254e-12,4.707446906926986e-12,3.4236686810629254e-12,4.707446906926986e-12,7.065534591996047e-12
0.0,1,225,0.0,0.0,0.0,0.0,0.0,5.866245763981049e-36,1.8753645466794174e-34,1.851610284129285e-15,1.0658141036401503e-14,3.4236686810629254e-12,4.707446906926986e-12,3.4236686810629254e-12,4.707446906926986e-12,6.455152135798825e-12
0.0,1,226,0.0,0.0,0.0,0.0,0.0,5.359468328197293e-36,1.7133542125810059e-34,1.851610284129285e-15,1.0658141036401503e-14,3.4236686810629254e-12,4.707446906926986e-12,3.4236686810629254e-12,4.707446906926986e-12,5.89749983575849e-12
0.0,1,227,0.0,0.0,0.0,0.0,0.0,4.8964707440857115e-36,1.5653397431272357e-34,1.851610284129285e-15,1.0658141036401503e-14,3.4236686810629254e-12,4.707446906926986e-12,3.4236686810629254e-12,4.707446906926986e-12,5.388022401444793e-12
0.0,1,228,0.0,0.0,0.0,0.0,0.0,4.4734709264998404e-36,1.4301120535505115e-34,1.851610284129285e-15,1.0658141036401503e-14,3.4236686810629254e-12,4.707446906926986e-12,3.4236686810629254e-12,4.707446906926986e-12,4.922558068111316e-12
0.0,1,229,0.0,0.0,0.0,0.0,0.0,4.087013519770556e-36,1.3065665103631207e-34,1.851610284129285e-15,1.0658141036401503e-14,3.4236686810629254e-12,4.707446906926986e-12,3.4236686810629254e-12,4.707446906926986e-12,4.497304600519848e-12
0.0,1,230,0.0,0.0,0.0,0.0,0.0,3.733941671966276e-36,1.1936939079453547e-34,1.851610284129285e-15,1.0658141036401503e-14,3.4236686810629254e-12,4.707446906926986e-12,3.4236686810629254e-12,4.707446906926986e-12,4.108788233647143e-12
0.0,1,231,0.0,0.0,0.0,0.0,0.0,3.411371247538476e-36,1.0905722246545585e-34,1.851610284129285e-15,1.0658141036401503e-14,3.4236686810629254e-12,4.707446906926986e-12,3.4236686810629254e-12,4.707446906926986e-12,3.75383529656513e-12
0.0,1,232,0.0,0.0,0.0,0.0,0.0,3.116667267703724e-36,9.963590911133628e-35,1.851610284129285e-15,1.0658141036401503e-14,3.4236686810629254e-12,4.707446906926986e-12,3.4236686810629254e-12,4.707446906926986e-12,3.429546287699241e-12
0.0,1,233,0.0,0.0,0.0,0.0,0.0,2.8474223861108023e-36,9.102849091528038e-35,1.851610284129285e-15,1.0658141036401503e-14,3.4236686810629254e-12,4.707446906926986e-12,3.4236686810629254e-12,4.707446906926986e-12,3.133272189689338e-12
0.0,1,234,0.0,0.0,0.0,0.0,0.0,2.60143722396731e-36,8.316465652011125e-35,1.851610284129285e-15,1.0658141036401503e-14,3.4236686810629254e-12,4.707446906926986e-12,3.4236686810629254e-12,4.707446906926986e-12,2.862592830380957e-12
0.0,1,235,0.0,0.0,0.0,0.0,0.0,2.3767024039893854e-36,7.59801686764761e-35,1.851610284129285e-15,1.0658141036401503e-14,3.4236686810629254e-12,4.707446906926986e-12,3.4236686810629254e-12,4.707446906926986e-12,2.615297113181937e-12
0.0,1,236,0.0,0.0,0.0,0.0,0.0,2.1713821364154902e-36,6.941633950847505e-35,1.851610284129285e-15,1.0658141036401503e-14,3.4236686810629254e-12,4.707446906926986e-12,3.4236686810629254e-12,4.707446906926986e-12,2.3893649552935636e-12
0.0,1,237,0.0,0.0,0.0,0.0,0.0,1.9837992230033356e-36,6.341955111041695e-35,1.851610284129285e-15,1.0658141036401503e-14,3.4236686810629254e-12,4.707446906926986e-12,3.4236686810629254e-12,4.707446906926986e-12,2.1829507862743087e-12
0.0,1,238,0.0,0.0,0.0,0.0,0.0,1.81242135651225e-36,5.794081755860563e-35,1.851610284129285e-15,1.0658141036401503e-14,3.4236686810629254e-12,4.707446906926986e-12,3.4236686810629254e-12,4.707446906926986e-12,1.994368472141661e-12
0.0,1,239,0.0,0.0,0.0,0.0,0.0,1.655848603755701e-36,5.293538476036627e-35,1.851610284129285e-15,1.0658141036401503e-14,3.4236686810629254e-12,4.707446906926986e-12,3.4236686810629254e-12,4.707446906926986e-12,1.822077541861208e-12
0.0,1,240,0.0,0.0,0.0,0.0,0.0,1.5128019699767654e-36,4.83623648715985e-35,1.851610284129285e-15,1.0658141036401503e-14,3.4236686810629254e-12,4.707446906926986e-12,3.4236686810629254e-12,4.707446906926986e-12,1.6646706037122529e-12
0.0,1,241,0.0,0.0,0.0,0.0,0.0,1.3821129511326001e-36,4.4184402296530067e-35,1.851610284129285e-15,1.0658141036401503e-14,3.4236686810629254e-12,4.707446906926986e-12,3.4236686810629254e-12,4.707446906926986e-12,1.5208618487361332e-12
0.0,1,242,0.0,0.0,0.0,0.0,0.0,1.2627139887435526e-36,4.0367368541320146e-35,1.851610284129285e-15,1.0658141036401503e-14,3.4236686810629254e-12,4.707446906926986e-12,3.4236686810629254e-12,4.707446906926986e-12,1.3894765473583388e-12
0.0,1,243,0.0,0.0,0.0,0.0,0.0,1.1536297493356445e-36,3.688008342886945e-35,1.851610284129285e-15,1.0658141036401503e-14,3.4236686810629254e-12,4.707446906926986e-12,3.4236686810629254e-12,4.707446906926986e-12,1.2694414533828736e-12
0.0,1,244,0.0,0.0,0.0,0.0,0.0,1.05396915724081e-36,3.369406039752453e-35,1.851610284129285e-15,1.0658141036401503e-14,3.4236686810629254e-12,4.707446906926986e-12,3.4236686810629254e-12,4.707446906926986e-12,1.1597760369738276e-12
0.0,1,245,0.0,0.0,0.0,0.0,0.0,9.629181156732688e-37,3.078327380309926e-35,1.851610284129285e-15,1.0658141036401503e-14,3.4236686810629254e-12,4.707446906926986e-12,3.4236686810629254e-12,4.707446906926986e-12,1.0595844750079573e-12
0.0,1,246,0.0,0.0,0.0,0.0,0.0,8.797328566227756e-37,2.8123946323376204e-35,1.851610284129285e-15,1.0658141036401503e-14,3.4236686810629254e-12,4.707446906926986e-12,3.4236686810629254e-12,4.707446906926986e-12,9.680483333707109e-13
0.0,1,247,0.0,0.0,0.0,0.0,0.0,8.037338652420518e-37,2.5694354728460125e-35,1.851610284129285e-15,1.0658141036401503e-14,3.4236686810629254e-12,4.707446906926986e-12,3.4236686810629254e-12,4.707446906926986e-12,8.844198814192662e-13
0.0,1,248,0.0,0.0,0.0,0.0,0.0,7.343003290985702e-37,2.3474652430380784e-35,1.851610284129285e-15,1.0658141036401503e-14,3.4236686810629254e-12,4.707446906926986e-12,3.4236686810629254e-12,4.707446906926986e-12,8.080159840004212e-13
0.0,1,249,0.0,0.0,0.0,0.0,0.0,6.7086506694835305e-37,2.1446707362407728e-35,1.851610284129285e-15,1.0658141036401503e-14,3.4236686810629254e-12,4.707446906926986e-12,3.4236686810629254e-12,4.707446906926986e-12,7.382125211291083e-13
0.0,1,250,0.0,0.0,0.0,0.0,0.0,6.129098956064937e-37,1.9593953863763054e-35,1.851610284129285e-15,1.0658141036401503e-14,3.4236686810629254e-12,4.707446906926986e-12,3.4236686810629254e-12,4.707446906926986e-12,6.744392897440882e-13
0.0,1,251,0.0,0.0,0.0,0.0,0.0,5.599613970677704e-37,1.790125735982317e-35,1.851610284129285e-15,1.0658141036401503e-14,3.4236686810629254e-12,4.707446906926986e-12,3.4236686810629254e-12,4.707446906926986e-12,6.161753458939535e-13
0.0,1,252,0.0,0.0,0.0,0.0,0.0,5.115870513002803e-37,1.6354790732424374e-35,1.851610284129285e-15,1.0658141036401503e-14,3.4236686810629254e-12,4.707446906926986e-12,3.4236686810629254e-12,4.707446906926986e-12,5.629447493060279e-13
0.0,1,253,0.0,0.0,0.0,0.0,0.0,4.673917031220646e-37,1.4941921370378903e-35,1.851610284129285e-15,1.0658141036401503e-14,3.4236686810629254e-12,4.707446906926986e-12,3.4236686810629254e-12,4.707446906926986e-12,5.143126755763903e-13
0.0,1,254,0.0,0.0,0.0,0.0,0.0,4.270143342997175e-37,1.365110797755165e-35,1.851610284129285e-15,1.0658141036401503e-14,3.4236686810629254e-12,4.707446906926986e-12,3.4236686810629254e-12,4.707446906926986e-12,4.698818642227143e-13
0.0,1,255,0.0,0.0,0.0,0.0,0.0,3.901251145012511e-37,1.2471806295554618e-35,1.851610284129285e-15,1.0658141036401503e-14,3.4236686810629254e-12,4.707446906926986e-12,3.4236686810629254e-12,4.707446906926986e-12,4.292893735854429e-13
0.0,1,256,0.0,0.0,0.0,0.0,0.0,3.5642270701336344e-37,1.1394382970936956e-35,1.851610284129285e-15,1.0658141036401503e-14,3.4236686810629254e-12,4.707446906926986e-12,3.4236686810629254e-12,4.707446906926986e-12,3.9220361606866673e-13
0.0,1,257,0.0,0.0,0.0,0.0,0.0,3.256318072143144e-37,1.041003686327733e-35,1.851610284129285e-15,1.0658141036401503e-14,3.4236686810629254e-12,4.707446906926986e-12,3.4236686810629254e-12,4.707446906926986e-12,3.58321649502983e-13
0.0,1,258,0.0,0.0,0.0,0.0,0.0,2.9750089369498264e-37,9.510727151369565e-36,1.851610284129285e-15,1.0658141036401503e-14,3.4236686810629254e-12,4.707446906926986e-12,3.4236686810629254e-12,4.707446906926986e-12,3.273667025037817e-13
0.0,1,259,0.0,0.0,0.0,0.0,0.0,2.7180017365767524e-37,8.689107650222199e-36,1.851610284129285e-15,1.0658141036401503e-14,3.4236686810629254e-12,4.707446906926986e-12,3.4236686810629254e-12,4.707446906926986e-12,2.99085913610824e-13
0.0,1,260,0.0,0.0,0.0,0.0,0.0,2.483197058093015e-37,7.938466802328322e-36,1.851610284129285e-15,1.0658141036401503e-14,3.4236686810629254e-12,4.707446906926986e-12,3.4236686810629254e-12,4.707446906926986e-12,2.7324826574060413e-13
0.0,1,261,0.0,0.0,0.0,0.0,0.0,2.268676854153914e-37,7.252672853012412e-36,1.851610284129285e-15,1.0658141036401503e-14,3.4236686810629254e-12,4.707446906926986e-12,3.4236686810629254e-12,4.707446906926986e-12,2.4964269907864396e-13
0.0,1,262,0.0,0.0,0.0,0.0,0.0,2.0726887750609177e-37,6.626123762008468e-36,1.851610284129285e-15,1.0658141036401503e-14,3.4236686810629254e-12,4.707446906926986e-12,3.4236686810629254e-12,4.707446906926986e-12,2.280763869967494e-13
0.0,1,263,0.0,0.0,0.0,0.0,0.0,1.8936318543549078e-37,6.053701442112762e-36,1.851610284129285e-15,1.0658141036401503e-14,3.4236686810629254e-12,4.707446906926986e-12,3.4236686810629254e-12,4.707446906926986e-12,2.0837316091140494e-13
0.0,1,264,0.0,0.0,0.0,0.0,0.0,1.7300434310125549e-37,5.530729951100366e-36,1.851610284129285e-15,1.0658141036401503e-14,3.4236686810629254e-12,4.707446906926986e-12,3.4236686810629254e-12,4.707446906926986e-12,1.903720712167071e-13
0.0,1,265,0.0,0.0,0.0,0.0,0.0,1.5805872014174168e-37,5.0529372953884965e-36,1.851610284129285e-15,1.0658141036401503e-14,3.4236686810629254e-12,4.707446906926986e-12,3.4236686810629254e-12,4.707446906926986e-12,1.7392607253644783e-13
0.0,1,266,0.0,0.0,0.0,0.0,0.0,1.4440423035058538e-37,4.616420533432165e-36,1.851610284129285e-15,1.0658141036401503e-14,3.4236686810629254e-12,4.707446906926986e-12,3.4236686810629254e-12,4.707446906926986e-12,1.5890082255558704e-13
0.0,1,267,0.0,0.0,0.0,0.0,0.0,1.3192933439195919e-37,4.217613893792757e-36,1.851610284129285e-15,1.0658141036401503e-14,3.4236686810629254e-12,4.707446906926986e-12,3.4236686810629254e-12,4.707446906926986e-12,1.4517358461908447e-13
0.0,1,268,0.0,0.0,0.0,0.0,0.0,1.2053212866997426e-37,3.853259647445649e-36,1.851610284129285e-15,1.0658141036401503e-14,3.4236686810629254e-12,4.707446906926986e-12,3.4236686810629254e-12,4.707446906926986e-12,1.3263222513386645e-13
0.0,1,269,0.0,0.0,0.0,0.0,0.0,1.1011951290948612e-37,3.520381496391801e-36,1.851610284129285e-15,1.0658141036401503e-14,3.4236686810629254e-12,4.707446906926986e-12,3.4236686810629254e-12,4.707446906926986e-12,1.2117429758391258e-13
0.0,1,270,0.0,0.0,0.0,0.0,0.0,1.0060642964852276e-37,3.2162602611929383e-36,1.851610284129285e-15,1.0658141036401503e-14,3.4236686810629254e-12,4.707446906926986e-12,3.4236686810629254e-12,4.707446906926986e-12,1.1070620567612204e-13
0.0,1,271,0.0,0.0,0.0,0.0,0.0,9.191516942998806e-38,2.9384116688294317e-36,1.851610284129285e-15,1.0658141036401503e-14,3.4236686810629254e-12,4.707446906926986e-12,3.4236686810629254e-12,4.707446906926986e-12,1.0114243878091766e-13
0.0,1,272,0.0,0.0,0.0,0.0,0.0,8.397473601695841e-38,2.684566059436505e-36,1.851610284129285e-15,1.0658141036401503e-14,3.4236686810629254e-12,4.707446906926986e-12,3.4236686810629254e-12,4.707446906926986e-12,9.24048734221643e-14
0.0,1,273,0.0,0.0,0.0,0.0,0.0,7.672026644621711e-38,2.4526498461495224e-36,1.851610284129285e-15,1.0658141036401503e-14,3.4236686810629254e-12,4.707446906926986e-12,3.4236686810629254e-12,4.707446906926986e-12,8.442213511046877e-14
0.0,1,274,0.0,0.0,0.0,0.0,0.0,7.009250118261604e-38,2.2407685766093295e-36,1.851610284129285e-15,1.0658141036401503e-14,3.4236686810629254e-12,4.707446906926986e-12,3.4236686810629254e-12,4.707446906926986e-12,7.71290153068849e-14
0.0,1,275,0.0,0.0,0.0,0.0,0.0,6.403730004612479e-38,2.0471914577625018e-36,1.851610284129285e-15,1.0658141036401503e-14,3.4236686810629254e-12,4.707446906926986e-12,3.4236686810629254e-12,4.707446906926986e-12,7.046593875438835e-14
0.0,1,276,0.0,0.0,0.0,0.0,0.0,5.850519995731667e-38,1.870337217544101e-36,1.851610284129285e-15,1.0658141036401503e-14,3.4236686810629254e-12,4.707446906926986e-12,3.4236686810629254e-12,4.707446906926986e-12,6.43784768258709e-14
0.0,1,277,0.0,0.0,0.0,0.0,0.0,5.345101088865691e-38,1.7087611879515944e-36,1.851610284129285e-15,1.0658141036401503e-14,3.4236686810629254e-12,4.707446906926986e-12,3.4236686810629254e-12,4.707446906926986e-12,5.881690291340495e-14
0.0,1,278,0.0,0.0,0.0,0.0,0.0,4.883344672103839e-38,1.5611435039953687e-36,1.851610284129285e-15,1.0658141036401503e-14,3.4236686810629254e-12,4.707446906926986e-12,3.4236686810629254e-12,4.707446906926986e-12,5.3735786226840394e-14
0.0,1,279,0.0,0.0,0.0,0.0,0.0,4.4614787990147526e-38,1.4262783221267649e-36,1.851610284129285e-15,1.0658141036401503e-14,3.4236686810629254e-12,4.707446906926986e-12,3.4236686810629254e-12,4.707446906926986e-12,4.909362068362661e-14
0.0,1,280,0.0,0.0,0.0,0.0,0.0,4.0760573767738606e-38,1.303063970072274e-36,1.851610284129285e-15,1.0658141036401503e-14,3.4236686810629254e-12,4.707446906926986e-12,3.4236686810629254e-12,4.707446906926986e-12,4.4852485858366424e-14
0.0,1,281,0.0,0.0,0.0,0.0,0.0,3.7239320160888173e-38,1.1904939476108752e-36,1.851610284129285e-15,1.0658141036401503e-14,3.4236686810629254e-12,4.707446906926986e-12,3.4236686810629254e-12,4.707446906926986e-12,4.097773722250156e-14
0.0,1,282,0.0,0.0,0.0,0.0,0.0,3.402226312973887e-38,1.087648704782712e-36,1.851610284129285e-15,1.0658141036401503e-14,3.4236686810629254e-12,4.707446906926986e-12,3.4236686810629254e-12,4.707446906926986e-12,3.7437723143790223e-14
0.0,1,283,0.0,0.0,0.0,0.0,0.0,3.10831235228861e-38,9.93688130367699e-37,1.851610284129285e-15,1.0658141036401503e-14,3.4236686810629254e-12,4.707446906926986e-12,3.4236686810629254e-12,4.707446906926986e-12,3.4203526333839124e-14
0.0,1,284,0.0,0.0,0.0,0.0,0.0,2.839789241105696e-38,9.078446892748482e-37,1.851610284129285e-15,1.0658141036401503e-14,3.4236686810629254e-12,4.707446906926986e-12,3.4236686810629254e-12,4.707446906926986e-12,3.124872763165396e-14
0.0,1,285,0.0,0.0,0.0,0.0,0.0,2.5944634965536715e-38,8.294171527837118e-37,1.851610284129285e-15,1.0658141036401503e-14,3.4236686810629254e-12,4.707446906926986e-12,3.4236686810629254e-12,4.707446906926986e-12,2.854919019362009e-14
0.0,1,286,0.0,0.0,0.0,0.0,0.0,2.370331127928577e-38,7.577648704222013e-37,1.851610284129285e-15,1.0658141036401503e-14,3.4236686810629254e-12,4.707446906926986e-12,3.4236686810629254e-12,4.707446906926986e-12,2.6082862327033563e-14
0.0,1,287,0.0,0.0,0.0,0.0,0.0,2.165561266709042e-38,6.923025366895329e-37,1.851610284129285e-15,1.0658141036401503e-14,3.4236686810629254e-12,4.707446906926986e-12,3.4236686810629254e-12,4.707446906926986e-12,2.3829597356602052e-14
0.0,1,288,0.0,0.0,0.0,0.0,0.0,1.9784812107533536e-38,6.324954098752611e-37,1.851610284129285e-15,1.0658141036401503e-14,3.4236686810629254e-12,4.707446906926986e-12,3.4236686810629254e-12,4.707446906926986e-12,2.177098905242356e-14
0.0,1,289,0.0,0.0,0.0,0.0,0.0,1.8075627605090387e-38,5.778549439183675e-37,1.851610284129285e-15,1.0658141036401503e-14,3.4236686810629254e-12,4.707446906926986e-12,3.4236686810629254e-12,4.707446906926986e-12,1.9890221275157598e-14
0.0,1,290,0.0,0.0,0.0,0.0,0.0,1.6514097356198632e-38,5.2793479762446686e-37,1.851610284129285e-15,1.0658141036401503e-14,3.4236686810629254e-12,4.707446906926986e-12,3.4236686810629254e-12,4.707446906926986e-12,1.8171930610138784e-14
0.0,1,291,0.0,0.0,0.0,0.0,0.0,1.508746569957023e-38,4.823271886415836e-37,1.851610284129285e-15,1.0658141036401503e-14,3.4236686810629254e-12,4.707446906926986e-12,3.4236686810629254e-12,4.707446906926986e-12,1.6602080868356613e-14
0.0,1,292,0.0,0.0,0.0,0.0,0.0,1.3784078919110055e-38,4.406595624112971e-37,1.851610284129285e-15,1.0658141036401503e-14,3.4236686810629254e-12,4.707446906926986e-12,3.4236686810629254e-12,4.707446906926986e-12,1.51678484291409e-14
0.0,1,293,0.0,0.0,0.0,0.0,0.0,1.2593290048285973e-38,4.025915488849018e-37,1.851610284129285e-15,1.0658141036401503e-14,3.4236686810629254e-12,4.707446906926986e-12,3.4236686810629254e-12,4.707446906926986e-12,1.3857517487936618e-14
0.0,1,294,0.0,0.0,0.0,0.0,0.0,1.1505371898327601e-38,3.6781218214496467e-37,1.851610284129285e-15,1.0658141036401503e-14,3.4236686810629254e-12,4.707446906926986e-12,3.4236686810629254e-12,4.707446906926986e-12,1.2660384353494163e-14
0.0,1,295,0.0,0.0,0.0,0.0,0.0,1.0511437599806869e-38,3.3603736022019267e-37,1.851610284129285e-15,1.0658141036401503e-14,3.4236686810629254e-12,4.707446906926986e-12,3.4236686810629254e-12,4.707446906926986e-12,1.1566670012700534e-14
0.0,1,296,0.0,0.0,0.0,0.0,0.0,9.603368008529482e-39,3.0700752434363386e-37,1.851610284129285e-15,1.0658141036401503e-14,3.4236686810629254e-12,4.707446906926986e-12,3.4236686810629254e-12,4.707446906926986e-12,1.056744024882465e-14
0.0,1,297,0.0,0.0,0.0,0.0,0.0,8.773745382738309e-39,2.804855386967864e-37,1.851610284129285e-15,1.0658141036401503e-14,3.4236686810629254e-12,4.707446906926986e-12,3.4236686810629254e-12,4.707446906926986e-12,9.654532660641233e-15
0.0,1,298,0.0,0.0,0.0,0.0,0.0,8.01579278985781e-39,2.5625475331988488e-37,1.851610284129285e-15,1.0658141036401503e-14,3.4236686810629254e-12,4.707446906926986e-12,3.4236686810629254e-12,4.707446906926986e-12,8.820489986281995e-15
0.0,1,299,0.0,0.0,0.0,0.0,0.0,7.323318747812024e-39,2.341172343648803e-37,1.851610284129285e-15,1.0658141036401503e-14,3.4236686810629254e-12,4.707446906926986e-12,3.4236686810629254e-12,4.707446906926986e-12,8.058499187150588e-15
0.0,1,300,0.0,0.0,0.0,0.0,0.0,6.690666648707916e-39,2.1389214723458956e-37,1.851610284129285e-15,1.0658141036401503e-14,3.4236686810629254e-12,4.707446906926986e-12,3.4236686810629254e-12,4.707446906926986e-12,7.362335794304079e-15
0.0,1,301,0.0,0.0,0.0,0.0,0.0,6.112668551741885e-39,1.9541427940038116e-37,1.851610284129285e-15,1.0658141036401503e-14,3.4236686810629254e-12,4.707446906926986e-12,3.4236686810629254e-12,4.707446906926986e-12,6.726313062675763e-15
0.0,1,302,0.0,0.0,0.0,0.0,0.0,5.584602967877652e-39,1.785326908317412e-37,1.851610284129285e-15,1.0658141036401503e-14,3.4236686810629254e-12,4.707446906926986e-12,3.4236686810629254e-12,4.707446906926986e-12,6.1452355177991756e-15
0.0,1,303,0.0,0.0,0.0,0.0,0.0,5.102156291451551e-39,1.6310948101349415e-37,1.851610284129285e-15,1.0658141036401503e-14,3.4236686810629254e-12,4.707446906926986e-12,3.4236686810629254e-12,4.707446906926986e-12,5.6143565155733e-15
0.0,1,304,0.0,0.0,0.0,0.0,0.0,4.661387563651951e-39,1.4901866247882376e-37,1.851610284129285e-15,1.0658141036401503e-14,3.4236686810629254e-12,4.707446906926986e-12,3.4236686810629254e-12,4.707446906926986e-12,5.129339468383699e-15
0.0,1,305,0.0,0.0,0.0,0.0,0.0,4.2586962800363995e-39,1.3614513165632835e-37,1.851610284129285e-15,1.0658141036401503e-14,3.4236686810629254e-12,4.707446906926986e-12,3.4236686810629254e-12,4.707446906926986e-12,4.686222420848756e-15
0.0,1,306,0.0,0.0,0.0,0.0,0.0,3.890792979116052e-39,1.2438372862427873e-37,1.851610284129285e-15,1.0658141036401503e-14,3.4236686810629254e-12,4.707446906926986e-12,3.4236686810629254e-12,4.707446906926986e-12,4.281385685823185e-15
0.0,1,307,0.0,0.0,0.0,0.0,0.0,3.554672371754434e-39,1.1363837809149516e-37,1.851610284129285e-15,1.0658141036401503e-14,3.4236686810629254e-12,4.707446906926986e-12,3.4236686810629254e-12,4.707446906926986e-12,3.911522276283971e-15
0.0,1,308,0.0,0.0,0.0,0.0,0.0,3.247588791882985e-39,1.0382130458778484e-37,1.851610284129285e-15,1.0658141036401503e-14,3.4236686810629254e-12,4.707446906926986e-12,3.4236686810629254e-12,4.707446906926986e-12,3.573610891568995e-15
0.0,1,309,0.0,0.0,0.0,0.0,0.0,2.967033767997722e-39,9.485231545306846e-38,1.851610284129285e-15,1.0658141036401503e-14,3.4236686810629254e-12,4.707446906926986e-12,3.4236686810629254e-12,4.707446906926986e-12,3.264891237299347e-15
0.0,1,310,0.0,0.0,0.0,0.0,0.0,2.710715532225532e-39,8.665814576815628e-38,1.851610284129285e-15,1.0658141036401503e-14,3.4236686810629254e-12,4.707446906926986e-12,3.4236686810629254e-12,4.707446906926986e-12,2.9828414773815047e-15
0.0,1,311,0.0,0.0,0.0,0.0,0.0,2.4765402995758545e-39,7.917185987611113e-38,1.851610284129285e-15,1.0658141036401503e-14,3.4236686810629254e-12,4.707446906926986e-12,3.4236686810629254e-12,4.707446906926986e-12,2.72515763390244e-15
0.0,1,312,0.0,0.0,0.0,0.0,0.0,2.2625951644537938e-39,7.233230460541337e-38,1.851610284129285e-15,1.0658141036401503e-14,3.4236686810629254e-12,4.707446906926986e-12,3.4236686810629254e-12,4.707446906926986e-12,2.4897347666412175e-15
0.0,1,313,0.0,0.0,0.0,0.0,0.0,2.067132474721469e-39,6.608360972847324e-38,1.851610284129285e-15,1.0658141036401503e-14,3.4236686810629254e-12,4.707446906926986e-12,3.4236686810629254e-12,4.707446906926986e-12,2.2746497784591117e-15
0.0,1,314,0.0,0.0,0.0,0.0,0.0,1.8885555556641694e-39,6.037473157489199e-38,1.851610284129285e-15,1.0658141036401503e-14,3.4236686810629254e-12,4.707446906926986e-12,3.4236686810629254e-12,4.707446906926986e-12,2.0781457061082072e-15
0.0,1,315,0.0,0.0,0.0,0.0,0.0,1.7254056672447125e-39,5.51590360713863e-38,1.851610284129285e-15,1.0658141036401503e-14,3.4236686810629254e-12,4.707446906926986e-12,3.4236686810629254e-12,4.707446906926986e-12,1.8986173681391112e-15
0.0,1,316,0.0,0.0,0.0,0.0,0.0,1.5763500881038117e-39,5.039391780235709e-38,1.851610284129285e-15,1.0658141036401503e-14,3.4236686810629254e-12,4.707446906926986e-12,3.4236686810629254e-12,4.707446906926986e-12,1.7345982526653852e-15
0.0,1,317,0.0,0.0,0.0,0.0,0.0,1.4401712289684285e-39,4.6040451979329e-38,1.851610284129285e-15,1.0658141036401503e-14,3.4236686810629254e-12,4.707446906926986e-12,3.4236686810629254e-12,4.707446906926986e-12,1.5847485378788008e-15
0.0,1,318,0.0,0.0,0.0,0.0,0.0,1.3157566865386807e-39,4.206307647629944e-38,1.851610284129285e-15,1.0658141036401503e-14,3.4236686810629254e-12,4.707446906926986e-12,3.4236686810629254e-12,4.707446906926986e-12,1.4478441474559977e-15
0.0,1,319,0.0,0.0,0.0,0.0,0.0,1.202090156606786e-39,3.842930133364862e-38,1.851610284129285e-15,1.0658141036401503e-14,3.4236686810629254e-12,4.707446906926986e-12,3.4236686810629254e-12,4.707446906926986e-12,1.322766751454781e-15
0.0,1,320,0.0,0.0,0.0,0.0,0.0,1.09824313217993e-39,3.510944335763174e-38,1.851610284129285e-15,1.0658141036401503e-14,3.4236686810629254e-12,4.707446906926986e-12,3.4236686810629254e-12,4.707446906926986e-12,1.2084946310199376e-15
0.0,1,321,0.0,0.0,0.0,0.0,0.0,1.0033673187916499e-39,3.2076383647480674e-38,1.851610284129285e-15,1.0658141036401503e-14,3.4236686810629254e-12,4.707446906926986e-12,3.4236686810629254e-12,4.707446906926986e-12,1.1040943322757154e-15
0.0,1,322,0.0,0.0,0.0,0.0,0.0,9.16687705044719e-40,2.9305346069427623e-38,1.851610284129285e-15,1.0658141036401503e-14,3.4236686810629254e-12,4.707446906926986e-12,3.4236686810629254e-12,4.707446906926986e-12,1.0087130412276386e-15
0.0,1,323,0.0,0.0,0.0,0.0,0.0,8.374962317809425e-40,2.6773694868073743e-38,1.851610284129285e-15,1.0658141036401503e-14,3.4236686810629254e-12,4.707446906926986e-12,3.4236686810629254e-12,4.707446906926986e-12,9.215716173865713e-16
0.0,1,324,0.0,0.0,0.0,0.0,0.0,7.651460081632274e-40,2.4460749761851134e-38,1.851610284129285e-15,1.0658141036401503e-14,3.4236686810629254e-12,4.707446906926986e-12,3.4236686810629254e-12,4.707446906926986e-12,8.41958229209475e-16
0.0,1,325,0.0,0.0,0.0,0.0,0.0,6.99046027422908e-40,2.2347617012150881e-38,1.851610284129285e-15,1.0658141036401503e-14,3.4236686810629254e-12,4.707446906926986e-12,3.4236686810629254e-12,4.707446906926986e-12,7.692225393657879e-16
0.0,1,326,0.0,0.0,0.0,0.0,0.0,6.3865633910685066e-40,2.0417035086171417e-38,1.851610284129285e-15,1.0658141036401503e-14,3.4236686810629254e-12,4.707446906926986e-12,3.4236686810629254e-12,4.707446906926986e-12,7.027703923315947e-16
0.0,1,327,0.0,0.0,0.0,0.0,0.0,5.834836383879589e-40,1.8653233652756088e-38,1.851610284129285e-15,1.0658141036401503e-14,3.4236686810629254e-12,4.707446906926986e-12,3.4236686810629254e-12,4.707446906926986e-12,6.420589609153925e-16
0.0,1,328,0.0,0.0,0.0,0.0,0.0,5.330772364094373e-40,1.7041804759397913e-38,1.851610284129285e-15,1.0658141036401503e-14,3.4236686810629254e-12,4.707446906926986e-12,3.4236686810629254e-12,4.707446906926986e-12,5.865923120694529e-16
0.0,1,329,0.0,0.0,0.0,0.0,0.0,4.870253787458872e-40,1.5569585138098945e-38,1.851610284129285e-15,1.0658141036401503e-14,3.4236686810629254e-12,4.707446906926986e-12,3.4236686810629254e-12,4.707446906926986e-12,5.359173557649856e-16
0.0,1,330,0.0,0.0,0.0,0.0,0.0,4.449518819077743e-40,1.4224548678673846e-38,1.851610284129285e-15,1.0658141036401503e-14,3.4236686810629254e-12,4.707446906926986e-12,3.4236686810629254e-12,4.707446906926986e-12,4.896201438387342e-16
0.0,1,331,0.0,0.0,0.0,0.0,0.0,4.065130604139823e-40,1.2995708191147535e-38,1.851610284129285e-15,1.0658141036401503e-14,3.4236686810629254e-12,4.707446906926986e-12,3.4236686810629254e-12,4.707446906926986e-12,4.473224885774896e-16
0.0,1,332,0.0,0.0,0.0,0.0,0.0,3.7139491933061394e-40,1.1873025654772852e-38,1.851610284129285e-15,1.0658141036401503e-14,3.4236686810629254e-12,4.707446906926986e-12,3.4236686810629254e-12,4.707446906926986e-12,4.0867887341876817e-16
0.0,1,333,0.0,0.0,0.0,0.0,0.0,3.393105893427489e-40,1.0847330220519993e-38,1.851610284129285e-15,1.0658141036401503e-14,3.4236686810629254e-12,4.707446906926986e-12,3.4236686810629254e-12,4.707446906926986e-12,3.7337363053213074e-16
0.0,1,334,0.0,0.0,0.0,0.0,0.0,3.099979834070754e-40,9.910243297226127e-39,1.851610284129285e-15,1.0658141036401503e-14,3.4236686810629254e-12,4.707446906926986e-12,3.4236686810629254e-12,4.707446906926986e-12,3.41118362225416e-16
0.0,1,335,0.0,0.0,0.0,0.0,0.0,2.8321765584327536e-40,9.054110109455809e-39,1.851610284129285e-15,1.0658141036401503e-14,3.4236686810629254e-12,4.707446906926986e-12,3.4236686810629254e-12,4.707446906926986e-12,3.116495851126677e-16
0.0,1,336,0.0,0.0,0.0,0.0,0.0,2.5875084637576047e-40,8.271937167990107e-39,1.851610284129285e-15,1.0658141036401503e-14,3.4236686810629254e-12,4.707446906926986e-12,3.4236686810629254e-12,4.707446906926986e-12,2.847265777991658e-16
0.0,1,337,0.0,0.0,0.0,0.0,0.0,2.3639769314813405e-40,7.55733514215997e-39,1.851610284129285e-15,1.0658141036401503e-14,3.4236686810629254e-12,4.707446906926986e-12,3.4236686810629254e-12,4.707446906926986e-12,2.601294145022405e-16
0.0,1,338,0.0,0.0,0.0,0.0,0.0,2.1597560011303047e-40,6.904466667365097e-39,1.851610284129285e-15,1.0658141036401503e-14,3.4236686810629254e-12,4.707446906926986e-12,3.4236686810629254e-12,4.707446906926986e-12,2.376571685450767e-16
0.0,1,339,0.0,0.0,0.0,0.0,0.0,1.9731774546105266e-40,6.307998661434313e-39,1.851610284129285e-15,1.0658141036401503e-14,3.4236686810629254e-12,4.707446906926986e-12,3.4236686810629254e-12,4.707446906926986e-12,2.171262710483509e-16
0.0,1,340,0.0,0.0,0.0,0.0,0.0,1.8027171890461956e-40,5.763058760314382e-39,1.851610284129285e-15,1.0658141036401503e-14,3.4236686810629254e-12,4.707446906926986e-12,3.4236686810629254e-12,4.707446906926986e-12,1.9836901141242852e-16
0.0,1,341,0.0,0.0,0.0,0.0,0.0,1.646982766851085e-40,5.265195517223604e-39,1.851610284129285e-15,1.0658141036401503e-14,3.4236686810629254e-12,4.707446906926986e-12,3.4236686810629254e-12,4.707446906926986e-12,1.8123216734091086e-16
0.0,1,342,0.0,0.0,0.0,0.0,0.0,1.504702041333306e-40,4.8103420401493856e-39,1.851610284129285e-15,1.0658141036401503e-14,3.4236686810629254e-12,4.707446906926986e-12,3.4236686810629254e-12,4.707446906926986e-12,1.655757532147742e-16
0.0,1,343,0.0,0.0,0.0,0.0,0.0,1.3747127649194981e-40,4.394782770655825e-39,1.851610284129285e-15,1.0658141036401503e-14,3.4236686810629254e-12,4.707446906926986e-12,3.4236686810629254e-12,4.707446906926986e-12,1.5127187659280192e-16
0.0,1,344,0.0,0.0,0.0,0.0,0.0,1.2559530951111376e-40,4.015123132627279e-39,1.851610284129285e-15,1.0658141036401503e-14,3.4236686810629254e-12,4.707446906926986e-12,3.4236686810629254e-12,4.707446906926986e-12,1.3820369349747528e-16
0.0,1,345,0.0,0.0,0.0,0.0,0.0,1.147452920619106e-40,3.668261803018069e-39,1.851610284129285e-15,1.0658141036401503e-14,3.4236686810629254e-12,4.707446906926986e-12,3.4236686810629254e-12,4.707446906926986e-12,1.2626445395239254e-16
0.0,1,346,0.0,0.0,0.0,0.0,0.0,1.0483259368223512e-40,3.351365378096483e-39,1.851610284129285e-15,1.0658141036401503e-14,3.4236686810629254e-12,4.707446906926986e-12,3.4236686810629254e-12,4.707446906926986e-12,1.1535662997449295e-16
0.0,1,347,0.0,0.0,0.0,0.0,0.0,9.57762405817491e-41,3.061845228239418e-39,1.851610284129285e-15,1.0658141036401503e-14,3.4236686810629254e-12,4.707446906926986e-12,3.4236686810629254e-12,4.707446906926986e-12,1.0539111889786981e-16
0.0,1,348,0.0,0.0,0.0,0.0,0.0,8.750225419184253e-41,2.7973363522115475e-39,1.851610284129285e-15,1.0658141036401503e-14,3.4236686810629254e-12,4.707446906926986e-12,3.4236686810629254e-12,4.707446906926986e-12,9.628651552148665e-17
0.0,1,349,0.0,0.0,0.0,0.0,0.0,7.994304685741515e-41,2.5556780581962012e-39,1.851610284129285e-15,1.0658141036401503e-14,3.4236686810629254e-12,4.707446906926986e-12,3.4236686810629254e-12,4.707446906926986e-12,8.796844713503365e-17
0.0,1,350,0.0,0.0,0.0,0.0,0.0,7.303686973406759e-41,2.3348963137671195e-39,1.851610284129285e-15,1.0658141036401503e-14,3.4236686810629254e-12,4.707446906926986e-12,3.4236686810629254e-12,4.707446906926986e-12,8.0368965991115e-17
0.0,1,351,0.0,0.0,0.0,0.0,0.0,6.672730838074574e-41,2.1331876206235123e-39,1.851610284129285e-15,1.0658141036401503e-14,3.4236686810629254e-12,4.707446906926986e-12,3.4236686810629254e-12,4.707446906926986e-12,7.342599426094144e-17
0.0,1,352,0.0,0.0,0.0,0.0,0.0,6.096282192748857e-41,1.9489042823660325e-39,1.851610284129285e-15,1.0658141036401503e-14,3.4236686810629254e-12,4.707446906926986e-12,3.4236686810629254e-12,4.707446906926986e-12,6.708281693961267e-17
0.0,1,353,0.0,0.0,0.0,0.0,0.0,5.569632205388154e-41,1.7805409449706414e-39,1.851610284129285e-15,1.0658141036401503e-14,3.4236686810629254e-12,4.707446906926986e-12,3.4236686810629254e-12,4.707446906926986e-12,6.128761855864002e-17
0.0,1,354,0.0,0.0,0.0,0.0,0.0,5.088478833902118e-41,1.6267223000136622e-39,1.851610284129285e-15,1.0658141036401503e-14,3.4236686810629254e-12,4.707446906926986e-12,3.4236686810629254e-12,4.707446906926986e-12,5.599305992130032e-17
0.0,1,355,0.0,0.0,0.0,0.0,0.0,4.648891684090177e-41,1.4861918501994172e-39,1.851610284129285e-15,1.0658141036401503e-14,3.4236686810629254e-12,4.707446906926986e-12,3.4236686810629254e-12,4.707446906926986e-12,5.1155891403261e-17
0.0,1,356,0.0,0.0,0.0,0.0,0.0,4.247279903457792e-41,1.357801645419514e-39,1.851610284129285e-15,1.0658141036401503e-14,3.4236686810629254e-12,4.707446906926986e-12,3.4236686810629254e-12,4.707446906926986e-12,4.67365996596825e-17
0.0,1,357,0.0,0.0,0.0,0.0,0.0,3.8803628486446124e-41,1.2405029055007666e-39,1.851610284129285e-15,1.0658141036401503e-14,3.4236686810629254e-12,4.707446906926986e-12,3.4236686810629254e-12,4.707446906926986e-12,4.269908485281669e-17
0.0,1,358,0.0,0.0,0.0,0.0,0.0,3.545143286855905e-41,1.1333374530418977e-39,1.851610284129285e-15,1.0658141036401503e-14,3.4236686810629254e-12,4.707446906926986e-12,3.4236686810629254e-12,4.707446906926986e-12,3.901036576353391e-17
0.0,1,359,0.0,0.0,0.0,0.0,0.0,3.2388829123877886e-41,1.0354298863564385e-39,1.851610284129285e-15,1.0658141036401503e-14,3.4236686810629254e-12,4.707446906926986e-12,3.4236686810629254e-12,4.707446906926986e-12,3.5640310377852995e-17
0.0,1,360,0.0,0.0,0.0,0.0,0.0,2.959079978248568e-41,9.459804285850908e-40,1.851610284129285e-15,1.0658141036401503e-14,3.4236686810629254e-12,4.707446906926986e-12,3.4236686810629254e-12,4.707446906926986e-12,3.2561389747775495e-17
0.0,1,361,0.0,0.0,0.0,0.0,0.0,2.7034488601553877e-41,8.642583945640287e-40,1.851610284129285e-15,1.0658141036401503e-14,3.4236686810629254e-12,4.707446906926986e-12,3.4236686810629254e-12,4.707446906926986e-12,2.9748453115756736e-17
0.0,1,362,0.0,0.0,0.0,0.0,0.0,2.4699013859711003e-41,7.895962220820998e-40,1.851610284129285e-15,1.0658141036401503e-14,3.4236686810629254e-12,4.707446906926986e-12,3.4236686810629254e-12,4.707446906926986e-12,2.717852246588356e-17
0.0,1,363,0.0,0.0,0.0,0.0,0.0,2.2565297780670151e-41,7.213840187700198e-40,1.851610284129285e-15,1.0658141036401503e-14,3.4236686810629254e-12,4.707446906926986e-12,3.4236686810629254e-12,4.707446906926986e-12,2.4830604823526827e-17
0.0,1,364,0.0,0.0,0.0,0.0,0.0,2.061591069273065e-41,6.590645800768238e-40,1.851610284129285e-15,1.0658141036401503e-14,3.4236686810629254e-12,4.707446906926986e-12,3.4236686810629254e-12,4.707446906926986e-12,2.2685520770163994e-17
0.0,1,365,0.0,0.0,0.0,0.0,0.0,1.883492865113972e-41,6.021288376369143e-40,1.851610284129285e-15,1.0658141036401503e-14,3.4236686810629254e-12,4.707446906926986e-12,3.4236686810629254e-12,4.707446906926986e-12,2.0725747772600024e-17
0.0,1,366,0.0,0.0,0.0,0.0,0.0,1.7207803360276236e-41,5.501117008468595e-40,1.851610284129285e-15,1.0658141036401503e-14,3.4236686810629254e-12,4.707446906926986e-12,3.4236686810629254e-12,4.707446906926986e-12,1.8935277046775984e-17
0.0,1,367,0.0,0.0,0.0,0.0,0.0,1.572124333308882e-41,5.025882576829962e-40,1.851610284129285e-15,1.0658141036401503e-14,3.4236686810629254e-12,4.707446906926986e-12,3.4236686810629254e-12,4.707446906926986e-12,1.7299482786920803e-17
0.0,1,368,0.0,0.0,0.0,0.0,0.0,1.4363105317018323e-41,4.591703037255466e-40,1.851610284129285e-15,1.0658141036401503e-14,3.4236686810629254e-12,4.707446906926986e-12,3.4236686810629254e-12,4.707446906926986e-12,1.580500269183663e-17
0.0,1,369,0.0,0.0,0.0,0.0,0.0,1.3122295099495037e-41,4.195031710358726e-40,1.851610284129285e-15,1.0658141036401503e-14,3.4236686810629254e-12,4.707446906926986e-12,3.4236686810629254e-12,4.707446906926986e-12,1.4439628812360705e-17
0.0,1,370,0.0,0.0,0.0,0.0,0.0,1.1988676882721454e-41,3.832628309829463e-40,1.851610284129285e-15,1.0658141036401503e-14,3.4236686810629254e-12,4.707446906926986e-12,3.4236686810629254e-12,4.707446906926986e-12,1.3192207828377003e-17
0.0,1,371,0.0,0.0,0.0,0.0,0.0,1.0952990487451444e-41,3.501532473529301e-40,1.851610284129285e-15,1.0658141036401503e-14,3.4236686810629254e-12,4.707446906926986e-12,3.4236686810629254e-12,4.707446906926986e-12,1.2052549940764613e-17
0.0,1,372,0.0,0.0,0.0,0.0,0.0,1.0006775709428301e-41,3.199039581202114e-40,1.851610284129285e-15,1.0658141036401503e-14,3.4236686810629254e-12,4.707446906926986e-12,3.4236686810629254e-12,4.707446906926986e-12,1.1011345634062182e-17
0.0,1,373,0.0,0.0,0.0,0.0,0.0,9.142303210573169e-42,2.922678661261373e-40,1.851610284129285e-15,1.0658141036401503e-14,3.4236686810629254e-12,4.707446906926986e-12,3.4236686810629254e-12,4.707446906926986e-12,1.0060089629885698e-17
0.0,1,374,0.0,0.0,0.0,0.0,0.0,8.352511380394592e-42,2.6701922061816606e-40,1.851610284129285e-15,1.0658141036401503e-14,3.4236686810629254e-12,4.707446906926986e-12,3.4236686810629254e-12,4.707446906926986e-12,9.191011409929211e-18
0.0,1,375,0.0,0.0,0.0,0.0,0.0,7.6309486518603e-42,2.4395177316127418e-40,1.851610284129285e-15,1.0658141036401503e-14,3.4236686810629254e-12,4.707446906926986e-12,3.4236686810629254e-12,4.707446906926986e-12,8.397011740978828e-18
0.0,1,376,0.0,0.0,0.0,0.0,0.0,6.971720800526169e-42,2.228770928577901e-40,1.851610284129285e-15,1.0658141036401503e-14,3.4236686810629254e-12,4.707446906926986e-12,3.4236686810629254e-12,4.707446906926986e-12,7.67160468345866e-18
0.0,1,377,0.0,0.0,0.0,0.0,0.0,6.369442796426097e-42,2.036230271132346e-40,1.851610284129285e-15,1.0658141036401503e-14,3.4236686810629254e-12,4.707446906926986e-12,3.4236686810629254e-12,4.707446906926986e-12,7.00886460978143e-18
0.0,1,378,0.0,0.0,0.0,0.0,0.0,5.819194815415249e-42,1.8603229537462126e-40,1.851610284129285e-15,1.0658141036401503e-14,3.4236686810629254e-12,4.707446906926986e-12,3.4236686810629254e-12,4.707446906926986e-12,6.4033777997148014e-18
0.0,1,379,0.0,0.0,0.0,0.0,0.0,5.3164820506365457e-42,1.6996120435389031e-40,1.851610284129285e-15,1.0658141036401503e-14,3.4236686810629254e-12,4.707446906926986e-12,3.4236686810629254e-12,4.707446906926986e-12,5.8501982173625875e-18
0.0,1,380,0.0,0.0,0.0,0.0,0.0,4.8571979958233643e-42,1.5527847424155218e-40,1.851610284129285e-15,1.0658141036401503e-14,3.4236686810629254e-12,4.707446906926986e-12,3.4236686810629254e-12,4.707446906926986e-12,5.344807108516475e-18
0.0,1,381,0.0,0.0,0.0,0.0,0.0,4.437590900510187e-42,1.4186416632221546e-40,1.851610284129285e-15,1.0658141036401503e-14,3.4236686810629254e-12,4.707446906926986e-12,3.4236686810629254e-12,4.707446906926986e-12,4.883076088339317e-18
0.0,1,382,0.0,0.0,0.0,0.0,0.0,4.0542331231347414e-42,1.296087032320391e-40,1.851610284129285e-15,1.0658141036401503e-14,3.4236686810629254e-12,4.707446906926986e-12,3.4236686810629254e-12,4.707446906926986e-12,4.461233417856731e-18
0.0,1,383,0.0,0.0,0.0,0.0,0.0,3.7039931316862057e-42,1.1841197385488224e-40,1.851610284129285e-15,1.0658141036401503e-14,3.4236686810629254e-12,4.707446906926986e-12,3.4236686810629254e-12,4.707446906926986e-12,4.075833193778831e-18
0.0,1,384,0.0,0.0,0.0,0.0,0.0,3.3840099231813703e-42,1.0818251554532352e-40,1.851610284129285e-15,1.0658141036401503e-14,3.4236686810629254e-12,4.707446906926986e-12,3.4236686810629254e-12,4.707446906926986e-12,3.723727199974759e-18
0.0,1,385,0.0,0.0,0.0,0.0,0.0,3.09166965300953e-42,9.883676699838754e-41,1.851610284129285e-15,1.0658141036401503e-14,3.4236686810629254e-12,4.707446906926986e-12,3.4236686810629254e-12,4.707446906926986e-12,3.4020391906607728e-18
0.0,1,386,0.0,0.0,0.0,0.0,0.0,2.8245842832381594e-42,9.029838566289311e-41,1.851610284129285e-15,1.0658141036401503e-14,3.4236686810629254e-12,4.707446906926986e-12,3.4236686810629254e-12,4.707446906926986e-12,3.108141395231891e-18
0.0,1,387,0.0,0.0,0.0,0.0,0.0,2.5805720754640547e-42,8.249762412258601e-41,1.851610284129285e-15,1.0658141036401503e-14,3.4236686810629254e-12,4.707446906926986e-12,3.4236686810629254e-12,4.707446906926986e-12,2.839633052809382e-18
0.0,1,388,0.0,0.0,0.0,0.0,0.0,2.3576397688620075e-42,7.537076035090487e-41,1.851610284129285e-15,1.0658141036401503e-14,3.4236686810629254e-12,4.707446906926986e-12,3.4236686810629254e-12,4.707446906926986e-12,2.594320801163567e-18
0.0,1,389,0.0,0.0,0.0,0.0,0.0,2.1539662978489446e-42,6.885957718530522e-41,1.851610284129285e-15,1.0658141036401503e-14,3.4236686810629254e-12,4.707446906926986e-12,3.4236686810629254e-12,4.707446906926986e-12,2.3702007598100157e-18
0.0,1,390,0.0,0.0,0.0,0.0,0.0,1.9678879163582034e-42,6.291088676913004e-41,1.851610284129285e-15,1.0658141036401503e-14,3.4236686810629254e-12,4.707446906926986e-12,3.4236686810629254e-12,4.707446906926986e-12,2.1654421609247565e-18
0.0,1,391,0.0,0.0,0.0,0.0,0.0,1.7978846072085646e-42,5.74760960763335e-41,1.851610284129285e-15,1.0658141036401503e-14,3.4236686810629254e-12,4.707446906926986e-12,3.4236686810629254e-12,4.707446906926986e-12,1.9783723943647645e-18
0.0,1,392,0.0,0.0,0.0,0.0,0.0,1.6425676655504814e-42,5.251080996996733e-41,1.851610284129285e-15,1.0658141036401503e-14,3.4236686810629254e-12,4.707446906926986e-12,3.4236686810629254e-12,4.707446906926986e-12,1.8074633446284844e-18
0.0,1,393,0.0,0.0,0.0,0.0,0.0,1.5006683549624308e-42,4.79744685519343e-41,1.851610284129285e-15,1.0658141036401503e-14,3.4236686810629254e-12,4.707446906926986e-12,3.4236686810629254e-12,4.707446906926986e-12,1.6513189081495288e-18
0.0,1,394,0.0,0.0,0.0,0.0,0.0,1.3710275435325392e-42,4.38300158416309e-41,1.851610284129285e-15,1.0658141036401503e-14,3.4236686810629254e-12,4.707446906926986e-12,3.4236686810629254e-12,4.707446906926986e-12,1.5086635889551431e-18
0.0,1,395,0.0,0.0,0.0,0.0,0.0,1.252586235265769e-42,4.00435970770156e-41,1.851610284129285e-15,1.0658141036401503e-14,3.4236686810629254e-12,4.707446906926986e-12,3.4236686810629254e-12,4.707446906926986e-12,1.3783320795313013e-18
0.0,1,396,0.0,0.0,0.0,0.0,0.0,1.144376919470718e-42,3.6584282165450105e-41,1.851610284129285e-15,1.0658141036401503e-14,3.4236686810629254e-12,4.707446906926986e-12,3.4236686810629254e-12,4.707446906926986e-12,1.2592597417829786e-18
0.0,1,397,0.0,0.0,0.0,0.0,0.0,1.0455156674617472e-42,3.3423813025266255e-41,1.851610284129285e-15,1.0658141036401503e-14,3.4236686810629254e-12,4.707446906926986e-12,3.4236686810629254e-12,4.707446906926986e-12,1.1504739103327069e-18
0.0,1,398,0.0,0.0,0.0,0.0,0.0,9.55194912016884e-43,3.053637275417117e-41,1.851610284129285e-15,1.0658141036401503e-14,3.4236686810629254e-12,4.707446906926986e-12,3.4236686810629254e-12,4.707446906926986e-12,1.0510859471153396e-18
0.0,1,399,0.0,0.0,0.0,0.0,0.0,8.726768506090564e-43,2.7898374738896497e-41,1.851610284129285e-15,1.0658141036401503e-14,3.4236686810629254e-12,4.707446906926986e-12,3.4236686810629254e-12,4.707446906926986e-12,9.602839823667522e-19
0.0,1,400,0.0,0.0,0.0,0.0,0.0,7.97287418523728e-43,2.5488269983394856e-41,1.851610284129285e-15,1.0658141036401503e-14,3.4236686810629254e-12,4.707446906926986e-12,3.4236686810629254e-12,4.707446906926986e-12,8.773262827088204e-19
0.0,1,401,0.0,0.0,0.0,0.0,0.0,7.284107826311502e-43,2.328637108170566e-41,1.851610284129285e-15,1.0658141036401503e-14,3.4236686810629254e-12,4.707446906926986e-12,3.4236686810629254e-12,4.707446906926986e-12,8.015351921570561e-19
0.0,1,402,0.0,0.0,0.0,0.0,0.0,6.6548431083455564e-43,2.1274691397578868e-41,1.851610284129285e-15,1.0658141036401503e-14,3.4236686810629254e-12,4.707446906926986e-12,3.4236686810629254e-12,4.707446906926986e-12,7.322915965569616e-19
0.0,1,403,0.0,0.0,0.0,0.0,0.0,6.079939761012593e-43,1.943679813716441e-41,1.851610284129285e-15,1.0658141036401503e-14,3.4236686810629254e-12,4.707446906926986e-12,3.4236686810629254e-12,4.707446906926986e-12,6.690298662305962e-19
0.0,1,404,0.0,0.0,0.0,0.0,0.0,5.5547015753361354e-43,1.7757678114563477e-41,1.851610284129285e-15,1.0658141036401503e-14,3.4236686810629254e-12,4.707446906926986e-12,3.4236686810629254e-12,4.707446906926986e-12,6.112332355212476e-19
0.0,1,405,0.0,0.0,0.0,0.0,0.0,5.0748380418004286e-43,1.6223615113721083e-41,1.851610284129285e-15,1.0658141036401503e-14,3.4236686810629254e-12,4.707446906926986e-12,3.4236686810629254e-12,4.707446906926986e-12,5.584295814934685e-19
0.0,1,406,0.0,0.0,0.0,0.0,0.0,4.636429302495217e-43,1.4822077844867462e-41,1.851610284129285e-15,1.0658141036401503e-14,3.4236686810629254e-12,4.707446906926986e-12,3.4236686810629254e-12,4.707446906926986e-12,5.101875673056803e-19
0.0,1,407,0.0,0.0,0.0,0.0,0.0,4.235894130999677e-43,1.35416175802584e-41,1.851610284129285e-15,1.0658141036401503e-14,3.4236686810629254e-12,4.707446906926986e-12,3.4236686810629254e-12,4.707446906926986e-12,4.661131187519703e-19
0.0,1,408,0.0,0.0,0.0,0.0,0.0,3.8699606784430204e-43,1.2371774633032423e-41,1.851610284129285e-15,1.0658141036401503e-14,3.4236686810629254e-12,4.707446906926986e-12,3.4236686810629254e-12,4.707446906926986e-12,4.258462051909003e-19
0.0,1,409,0.0,0.0,0.0,0.0,0.0,3.5356397467754147e-43,1.130299291523959e-41,1.851610284129285e-15,1.0658141036401503e-14,3.4236686810629254e-12,4.707446906926986e-12,3.4236686810629254e-12,4.707446906926986e-12,3.890578985655626e-19
0.0,1,410,0.0,0.0,0.0,0.0,0.0,3.2302003709266278e-43,1.0326541877092196e-41,1.851610284129285e-15,1.0658141036401503e-14,3.4236686810629254e-12,4.707446906926986e-12,3.4236686810629254e-12,4.707446906926986e-12,3.554476864914221e-19
0.0,1,411,0.0,0.0,0.0,0.0,0.0,2.9511475103906597e-43,9.434445189783477e-42,1.851610284129285e-15,1.0658141036401503e-14,3.4236686810629254e-12,4.707446906926986e-12,3.4236686810629254e-12,4.707446906926986e-12,3.247410174627579e-19
0.0,1,412,0.0,0.0,0.0,0.0,0.0,2.696201668005698e-43,8.6194155893059e-42,1.851610284129285e-15,1.0658141036401503e-14,3.4236686810629254e-12,4.707446906926986e-12,3.4236686810629254e-12,4.707446906926986e-12,2.966870581257483e-19
0.0,1,413,0.0,0.0,0.0,0.0,0.0,2.4632802694414936e-43,7.874795349028311e-42,1.851610284129285e-15,1.0658141036401503e-14,3.4236686810629254e-12,4.707446906926986e-12,3.4236686810629254e-12,4.707446906926986e-12,2.710566442978203e-19
0.0,1,414,0.0,0.0,0.0,0.0,0.0,2.2504806512889304e-43,7.194501894770768e-42,1.851610284129285e-15,1.0658141036401503e-14,3.4236686810629254e-12,4.707446906926986e-12,3.4236686810629254e-12,4.707446906926986e-12,2.476404089957056e-19
0.0,1,415,0.0,0.0,0.0,0.0,0.0,2.0560645187866406e-43,6.572978118123043e-42,1.851610284129285e-15,1.0658141036401503e-14,3.4236686810629254e-12,4.707446906926986e-12,3.4236686810629254e-12,4.707446906926986e-12,2.262470721808994e-19
0.0,1,416,0.0,0.0,0.0,0.0,0.0,1.878443746224679e-43,6.005146982131811e-42,1.851610284129285e-15,1.0658141036401503e-14,3.4236686810629254e-12,4.707446906926986e-12,3.4236686810629254e-12,4.707446906926986e-12,2.0670187825168956e-19
0.0,1,417,0.0,0.0,0.0,0.0,0.0,1.7161674040330905e-43,5.48637004854423e-42,1.851610284129285e-15,1.0658141036401503e-14,3.4236686810629254e-12,4.707446906926986e-12,3.4236686810629254e-12,4.707446906926986e-12,1.8884516851830728e-19
0.0,1,418,0.0,0.0,0.0,0.0,0.0,1.5679099065835952e-43,5.0124095878295536e-42,1.851610284129285e-15,1.0658141036401503e-14,3.4236686810629254e-12,4.707446906926986e-12,3.4236686810629254e-12,4.707446906926986e-12,1.7253107700010485e-19
0.0,1,419,0.0,0.0,0.0,0.0,0.0,1.4324601838874942e-43,4.579393962467413e-42,1.851610284129285e-15,1.0658141036401503e-14,3.4236686810629254e-12,4.707446906926986e-12,3.4236686810629254e-12,4.707446906926986e-12,1.5762633889111116e-19
0.0,1,420,0.0,0.0,0.0,0.0,0.0,1.3087117887366991e-43,4.183786000729406e-42,1.851610284129285e-15,1.0658141036401503e-14,3.4236686810629254e-12,4.707446906926986e-12,3.4236686810629254e-12,4.707446906926986e-12,1.4400920196076085e-19
0.0,1,421,0.0,0.0,0.0,0.0,0.0,1.1956538584760595e-43,3.82235410260881e-42,1.851610284129285e-15,1.0658141036401503e-14,3.4236686810629254e-12,4.707446906926986e-12,3.4236686810629254e-12,4.707446906926986e-12,1.3156843199728165e-19
0.0,1,422,0.0,0.0,0.0,0.0,0.0,1.092362857576661e-43,3.492145841872209e-42,1.851610284129285e-15,1.0658141036401503e-14,3.4236686810629254e-12,4.707446906926986e-12,3.4236686810629254e-12,4.707446906926986e-12,1.2020240416956076e-19
0.0,1,423,0.0,0.0,0.0,0.0,0.0,9.979950335575696e-44,3.190463848595839e-42,1.851610284129285e-15,1.0658141036401503e-14,3.4236686810629254e-12,4.707446906926986e-12,3.4236686810629254e-12,4.707446906926986e-12,1.0981827288509612e-19
0.0,1,424,0.0,0.0,0.0,0.0,0.0,9.117795246307869e-44,2.914843775178585e-42,1.851610284129285e-15,1.0658141036401503e-14,3.4236686810629254e-12,4.707446906926986e-12,3.4236686810629254e-12,4.707446906926986e-12,1.0033121336286804e-19
0.0,1,425,0.0,0.0,0.0,0.0,0.0,8.330120627679306e-44,2.663034165842891e-42,1.851610284129285e-15,1.0658141036401503e-14,3.4236686810629254e-12,4.707446906926986e-12,3.4236686810629254e-12,4.707446906926986e-12,9.166372872570964e-20
0.0,1,426,0.0,0.0,0.0,0.0,0.0,7.610492207508957e-44,2.4329780651836292e-42,1.851610284129285e-15,1.0658141036401503e-14,3.4236686810629254e-12,4.707446906926986e-12,3.4236686810629254e-12,4.707446906926986e-12,8.374501695212053e-20
0.0,1,427,0.0,0.0,0.0,0.0,0.0,6.953031562124034e-44,2.2227962155307587e-42,1.851610284129285e-15,1.0658141036401503e-14,3.4236686810629254e-12,4.707446906926986e-12,3.4236686810629254e-12,4.707446906926986e-12,7.651039251629421e-20
0.0,1,428,0.0,0.0,0.0,0.0,0.0,6.352368097321392e-44,2.0307717058702506e-42,1.851610284129285e-15,1.0658141036401503e-14,3.4236686810629254e-12,4.707446906926986e-12,3.4236686810629254e-12,4.707446906926986e-12,6.990075799189593e-20
0.0,1,429,0.0,0.0,0.0,0.0,0.0,5.803595177632062e-44,1.8553359469250433e-42,1.851610284129285e-15,1.0658141036401503e-14,3.4236686810629254e-12,4.707446906926986e-12,3.4236686810629254e-12,4.707446906926986e-12,6.386212130333876e-20
0.0,1,430,0.0,0.0,0.0,0.0,0.0,5.302230045522193e-44,1.6950558578307182e-42,1.851610284129285e-15,1.0658141036401503e-14,3.4236686810629254e-12,4.707446906926986e-12,3.4236686810629254e-12,4.707446906926986e-12,5.834515468108403e-20
0.0,1,431,0.0,0.0,0.0,0.0,0.0,4.844177203122737e-44,1.5486221597377978e-42,1.851610284129285e-15,1.0658141036401503e-14,3.4236686810629254e-12,4.707446906926986e-12,3.4236686810629254e-12,4.707446906926986e-12,5.3304791718245325e-20
0.0,1,432,0.0,0.0,0.0,0.0,0.0,4.4256949573644884e-44,1.4148386807147157e-42,1.851610284129285e-15,1.0658141036401503e-14,3.4236686810629254e-12,4.707446906926986e-12,3.4236686810629254e-12,4.707446906926986e-12,4.8699859236925544e-20
0.0,1,433,0.0,0.0,0.0,0.0,0.0,4.043364855235902e-44,1.2926125845864685e-42,1.851610284129285e-15,1.0658141036401503e-14,3.4236686810629254e-12,4.707446906926986e-12,3.4236686810629254e-12,4.707446906926986e-12,4.4492740957181406e-20
0.0,1,434,0.0,0.0,0.0,0.0,0.0,3.6940637594897884e-44,1.1809454438913635e-42,1.851610284129285e-15,1.0658141036401503e-14,3.4236686810629254e-12,4.707446906926986e-12,3.4236686810629254e-12,4.707446906926986e-12,4.064907022116898e-20
0.0,1,435,0.0,0.0,0.0,0.0,0.0,3.374938336693752e-44,1.0789250840335422e-42,1.851610284129285e-15,1.0658141036401503e-14,3.4236686810629254e-12,4.707446906926986e-12,3.4236686810629254e-12,4.707446906926986e-12,3.7137449262469735e-20
0.0,1,436,0.0,0.0,0.0,0.0,0.0,3.083381749225243e-44,9.857181320087064e-43,1.851610284129285e-15,1.0658141036401503e-14,3.4236686810629254e-12,4.707446906926986e-12,3.4236686810629254e-12,4.707446906926986e-12,3.392919272737199e-20
0.0,1,437,0.0,0.0,0.0,0.0,0.0,2.8170123608151735e-44,9.005632088358462e-43,1.851610284129285e-15,1.0658141036401503e-14,3.4236686810629254e-12,4.707446906926986e-12,3.4236686810629254e-12,4.707446906926986e-12,3.099809335302052e-20
0.0,1,438,0.0,0.0,0.0,0.0,0.0,2.5736542816923173e-44,8.227647100860615e-43,1.851610284129285e-15,1.0658141036401503e-14,3.4236686810629254e-12,4.707446906926986e-12,3.4236686810629254e-12,4.707446906926986e-12,2.8320207888337214e-20
0.0,1,439,0.0,0.0,0.0,0.0,0.0,2.3513195944076146e-44,7.51687123703485e-43,1.851610284129285e-15,1.0658141036401503e-14,3.4236686810629254e-12,4.707446906926986e-12,3.4236686810629254e-12,4.707446906926986e-12,2.5873661508941578e-20
0.0,1,440,0.0,0.0,0.0,0.0,0.0,2.1481921151467893e-44,6.867498387023888e-43,1.851610284129285e-15,1.0658141036401503e-14,3.4236686810629254e-12,4.707446906926986e-12,3.4236686810629254e-12,4.707446906926986e-12,2.3638469128432666e-20
0.0,1,441,0.0,0.0,0.0,0.0,0.0,1.9626125578821883e-44,6.274224023342422e-43,1.851610284129285e-15,1.0658141036401503e-14,3.4236686810629254e-12,4.707446906926986e-12,3.4236686810629254e-12,4.707446906926986e-12,2.159637214635394e-20
0.0,1,442,0.0,0.0,0.0,0.0,0.0,1.7930649801745793e-44,5.732201869820437e-43,1.851610284129285e-15,1.0658141036401503e-14,3.4236686810629254e-12,4.707446906926986e-12,3.4236686810629254e-12,4.707446906926986e-12,1.973068929928298e-20
0.0,1,443,0.0,0.0,0.0,0.0,0.0,1.6381643999046752e-44,5.237004313860717e-43,1.851610284129285e-15,1.0658141036401503e-14,3.4236686810629254e-12,4.707446906926986e-12,3.4236686810629254e-12,4.707446906926986e-12,1.8026180396718735e-20
0.0,1,444,0.0,0.0,0.0,0.0,0.0,1.4966454817793442e-44,4.784586238630668e-43,1.851610284129285e-15,1.0658141036401503e-14,3.4236686810629254e-12,4.707446906926986e-12,3.4236686810629254e-12,4.707446906926986e-12,1.646892182863833e-20
0.0,1,445,0.0,0.0,0.0,0.0,0.0,1.3673522011959626e-44,4.371251979744458e-43,1.851610284129285e-15,1.0658141036401503e-14,3.4236686810629254e-12,4.707446906926986e-12,3.4236686810629254e-12,4.707446906926986e-12,1.5046192827803438e-20
0.0,1,446,0.0,0.0,0.0,0.0,0.0,1.2492284010323126e-44,3.9936251365151376e-43,1.851610284129285e-15,1.0658141036401503e-14,3.4236686810629254e-12,4.707446906926986e-12,3.4236686810629254e-12,4.707446906926986e-12,1.3746371557716416e-20
0.0,1,447,0.0,0.0,0.0,0.0,0.0,1.1413091642232263e-44,3.6486209911737855e-43,1.851610284129285e-15,1.0658141036401503e-14,3.4236686810629254e-12,4.707446906926986e-12,3.4236686810629254e-12,4.707446906926986e-12,1.2558840177403934e-20
0.0,1,448,0.0,0.0,0.0,0.0,0.0,1.0427129316492546e-44,3.3334213107568807e-43,1.851610284129285e-15,1.0658141036401503e-14,3.4236686810629254e-12,4.707446906926986e-12,3.4236686810629254e-12,4.707446906926986e-12,1.1473898107537155e-20
0.0,1,449,0.0,0.0,0.0,0.0,0.0,9.526343009508442e-45,3.045451325826374e-43,1.851610284129285e-15,1.0658141036401503e-14,3.4236686810629254e-12,4.707446906926986e-12,3.4236686810629254e-12,4.707446906926986e-12,1.048268278937146e-20
0.0,1,450,0.0,0.0,0.0,0.0,0.0,8.703374474436537e-45,2.782358697968389e-43,1.851610284129285e-15,1.0658141036401503e-14,3.4236686810629254e-12,4.707446906926986e-12,3.4236686810629254e-12,4.707446906926986e-12,9.577097289229561e-21
0.0,1,451,0.0,0.0,0.0,0.0,0.0,7.951501133925935e-45,2.5419943042628478e-43,1.851610284129285e-15,1.0658141036401503e-14,3.4236686810629254e-12,4.707446906926986e-12,3.4236686810629254e-12,4.707446906926986e-12,8.749744157131202e-21
0.0,1,452,0.0,0.0,0.0,0.0,0.0,7.26458116544717e-45,2.322394681757946e-43,1.851610284129285e-15,1.0658141036401503e-14,3.4236686810629254e-12,4.707446906926986e-12,3.4236686810629254e-12,4.707446906926986e-12,7.993864999299063e-21
0.0,1,453,0.0,0.0,0.0,0.0,0.0,6.637003330629378e-45,2.1217659885440416e-43,1.851610284129285e-15,1.0658141036401503e-14,3.4236686810629254e-12,4.707446906926986e-12,3.4236686810629254e-12,4.707446906926986e-12,7.303285270911308e-21
0.0,1,454,0.0,0.0,0.0,0.0,0.0,6.063641138776382e-45,1.9384693504097064e-43,1.851610284129285e-15,1.0658141036401503e-14,3.4236686810629254e-12,4.707446906926986e-12,3.4236686810629254e-12,4.707446906926986e-12,6.672363838141488e-21
0.0,1,455,0.0,0.0,0.0,0.0,0.0,5.5398109701377366e-45,1.771007473381332e-43,1.851610284129285e-15,1.0658141036401503e-14,3.4236686810629254e-12,4.707446906926986e-12,3.4236686810629254e-12,4.707446906926986e-12,6.095946897468653e-21
0.0,1,456,0.0,0.0,0.0,0.0,0.0,5.0612338168566794e-45,1.6180124127882732e-43,1.851610284129285e-15,1.0658141036401503e-14,3.4236686810629254e-12,4.707446906926986e-12,3.4236686810629254e-12,4.707446906926986e-12,5.5693258758365044e-21
0.0,1,457,0.0,0.0,0.0,0.0,0.0,4.624000329068404e-45,1.4782343989427272e-43,1.851610284129285e-15,1.0658141036401503e-14,3.4236686810629254e-12,4.707446906926986e-12,3.4236686810629254e-12,4.707446906926986e-12,5.0881989677669254e-21
0.0,1,458,0.0,0.0,0.0,0.0,0.0,4.224538880620973e-45,1.3505316281547658e-43,1.851610284129285e-15,1.0658141036401503e-14,3.4236686810629254e-12,4.707446906926986e-12,3.4236686810629254e-12,4.707446906926986e-12,4.648635995230833e-21
0.0,1,459,0.0,0.0,0.0,0.0,0.0,3.859586393557602e-45,1.2338609356884734e-43,1.851610284129285e-15,1.0658141036401503e-14,3.4236686810629254e-12,4.707446906926986e-12,3.4236686810629254e-12,4.707446906926986e-12,4.247046303230601e-21
0.0,1,460,0.0,0.0,0.0,0.0,0.0,3.526161683034461e-45,1.1272692744694246e-43,1.851610284129285e-15,1.0658141036401503e-14,3.4236686810629254e-12,4.707446906926986e-12,3.4236686810629254e-12,4.707446906926986e-12,3.880149428840995e-21
0.0,1,461,0.0,0.0,0.0,0.0,0.0,3.2215411049367646e-45,1.0298859299356764e-43,1.851610284129285e-15,1.0658141036401503e-14,3.4236686810629254e-12,4.707446906926986e-12,3.4236686810629254e-12,4.707446906926986e-12,3.544948304114914e-21
0.0,1,462,0.0,0.0,0.0,0.0,0.0,2.943236307265983e-45,9.409154074377617e-44,1.851610284129285e-15,1.0658141036401503e-14,3.4236686810629254e-12,4.707446906926986e-12,3.4236686810629254e-12,4.707446906926986e-12,3.2387047739553727e-21
0.0,1,463,0.0,0.0,0.0,0.0,0.0,2.6889739035562512e-45,8.59630934087105e-44,1.851610284129285e-15,1.0658141036401503e-14,3.4236686810629254e-12,4.707446906926986e-12,3.4236686810629254e-12,4.707446906926986e-12,2.958917228966359e-21
0.0,1,464,0.0,0.0,0.0,0.0,0.0,2.4566769022780682e-45,7.853685219713526e-44,1.851610284129285e-15,1.0658141036401503e-14,3.4236686810629254e-12,4.707446906926986e-12,3.4236686810629254e-12,4.707446906926986e-12,2.703300170574638e-21
0.0,1,465,0.0,0.0,0.0,0.0,0.0,2.2444477405320705e-45,7.175215442409423e-44,1.851610284129285e-15,1.0658141036401503e-14,3.4236686810629254e-12,4.707446906926986e-12,3.4236686810629254e-12,4.707446906926986e-12,2.4697655414923223e-21
0.0,1,466,0.0,0.0,0.0,0.0,0.0,2.0505527834402067e-45,6.555357797605875e-44,1.851610284129285e-15,1.0658141036401503e-14,3.4236686810629254e-12,4.707446906926986e-12,3.4236686810629254e-12,4.707446906926986e-12,2.25640566901821e-21
0.0,1,467,0.0,0.0,0.0,0.0,0.0,1.8734081626144636e-45,5.989048858469107e-44,1.851610284129285e-15,1.0658141036401503e-14,3.4236686810629254e-12,4.707446906926986e-12,3.4236686810629254e-12,4.707446906926986e-12,2.0614776818455666e-21
0.0,1,468,0.0,0.0,0.0,0.0,0.0,1.7115668380222588e-45,5.471662621105123e-44,1.851610284129285e-15,1.0658141036401503e-14,3.4236686810629254e-12,4.707446906926986e-12,3.4236686810629254e-12,4.707446906926986e-12,1.883389273080673e-21
0.0,1,469,0.0,0.0,0.0,0.0,0.0,1.563706777560561e-45,4.998972716153778e-44,1.851610284129285e-15,1.0658141036401503e-14,3.4236686810629254e-12,4.707446906926986e-12,3.4236686810629254e-12,4.707446906926986e-12,1.720685693176974e-21
0.0,1,470,0.0,0.0,0.0,0.0,0.0,1.4286201577814333e-45,4.567117884874744e-44,1.851610284129285e-15,1.0658141036401503e-14,3.4236686810629254e-12,4.707446906926986e-12,3.4236686810629254e-12,4.707446906926986e-12,1.572037866532554e-21
0.0,1,471,0.0,0.0,0.0,0.0,0.0,1.3052034975530486e-45,4.172570437710135e-44,1.851610284129285e-15,1.0658141036401503e-14,3.4236686810629254e-12,4.707446906926986e-12,3.4236686810629254e-12,4.707446906926986e-12,1.4362315346792422e-21
0.0,1,472,0.0,0.0,0.0,0.0,0.0,1.1924486440610212e-45,3.8121074376712856e-44,1.851610284129285e-15,1.0658141036401503e-14,3.4236686810629254e-12,4.707446906926986e-12,3.4236686810629254e-12,4.707446906926986e-12,1.3121573373781756e-21
0.0,1,473,0.0,0.0,0.0,0.0,0.0,1.0894345375175292e-45,3.4827843731558023e-44,1.851610284129285e-15,1.0658141036401503e-14,3.4236686810629254e-12,4.707446906926986e-12,3.4236686810629254e-12,4.707446906926986e-12,1.1988017505965494e-21
0.0,1,474,0.0,0.0,0.0,0.0,0.0,9.953196873066317e-46,3.1819111051361176e-44,1.851610284129285e-15,1.0658141036401503e-14,3.4236686810629254e-12,4.707446906926986e-12,3.4236686810629254e-12,4.707446906926986e-12,1.0952388073406441e-21
0.0,1,475,0.0,0.0,0.0,0.0,0.0,9.093352981057209e-46,2.9070298922395046e-44,1.851610284129285e-15,1.0658141036401503e-14,3.4236686810629254e-12,4.707446906926986e-12,3.4236686810629254e-12,4.707446906926986e-12,1.000622533715905e-21
0.0,1,476,0.0,0.0,0.0,0.0,0.0,8.307789898325189e-46,2.655895314213227e-44,1.851610284129285e-15,1.0658141036401503e-14,3.4236686810629254e-12,4.707446906926986e-12,3.4236686810629254e-12,4.707446906926986e-12,9.141800384257116e-22
0.0,1,477,0.0,0.0,0.0,0.0,0.0,7.590090601177739e-46,2.4264559297757e-44,1.851610284129285e-15,1.0658141036401503e-14,3.4236686810629254e-12,4.707446906926986e-12,3.4236686810629254e-12,4.707446906926986e-12,8.352051992598009e-22
0.0,1,478,0.0,0.0,0.0,0.0,0.0,6.9343924243559074e-46,2.2168375190223983e-44,1.851610284129285e-15,1.0658141036401503e-14,3.4236686810629254e-12,4.707446906926986e-12,3.4236686810629254e-12,4.707446906926986e-12,7.630528949985449e-22
0.0,1,479,0.0,0.0,0.0,0.0,0.0,6.335339170721246e-46,2.0253277734987148e-44,1.851610284129285e-15,1.0658141036401503e-14,3.4236686810629254e-12,4.707446906926986e-12,3.4236686810629254e-12,4.707446906926986e-12,6.971337356157059e-22
0.0,1,480,0.0,0.0,0.0,0.0,0.0,5.7880373581255925e-46,1.850362308877825e-44,1.851610284129285e-15,1.0658141036401503e-14,3.4236686810629254e-12,4.707446906926986e-12,3.4236686810629254e-12,4.707446906926986e-12,6.36909247732363e-22
0.0,1,481,0.0,0.0,0.0,0.0,0.0,5.288016246057352e-46,1.6905118859852761e-44,1.851610284129285e-15,1.0658141036401503e-14,3.4236686810629254e-12,4.707446906926986e-12,3.4236686810629254e-12,4.707446906926986e-12,5.818874759929832e-22
0.0,1,482,0.0,0.0,0.0,0.0,0.0,4.831191315534639e-46,1.5444707357829043e-44,1.851610284129285e-15,1.0658141036401503e-14,3.4236686810629254e-12,4.707446906926986e-12,3.4236686810629254e-12,4.707446906926986e-12,5.316189644333455e-22
0.0,1,483,0.0,0.0,0.0,0.0,0.0,4.4138309039234796e-46,1.411045892942374e-44,1.851610284129285e-15,1.0658141036401503e-14,3.4236686810629254e-12,4.707446906926986e-12,3.4236686810629254e-12,4.707446906926986e-12,4.8569308501252275e-22
0.0,1,484,0.0,0.0,0.0,0.0,0.0,4.0325257221311305e-46,1.2891474508775743e-44,1.851610284129285e-15,1.0658141036401503e-14,3.4236686810629254e-12,4.707446906926986e-12,3.4236686810629254e-12,4.707446906926986e-12,4.437346833185581e-22
0.0,1,485,0.0,0.0,0.0,0.0,0.0,3.68416100517001e-46,1.1777796586322773e-44,1.851610284129285e-15,1.0658141036401503e-14,3.4236686810629254e-12,4.707446906926986e-12,3.4236686810629254e-12,4.707446906926986e-12,4.054010140472848e-22
0.0,1,486,0.0,0.0,0.0,0.0,0.0,3.3658910685986018e-46,1.0760327868962273e-44,1.851610284129285e-15,1.0658141036401503e-14,3.4236686810629254e-12,4.707446906926986e-12,3.4236686810629254e-12,4.707446906926986e-12,3.703789412209947e-22
0.0,1,487,0.0,0.0,0.0,0.0,0.0,3.0751160629987245e-46,9.830756967056431e-45,1.851610284129285e-15,1.0658141036401503e-14,3.4236686810629254e-12,4.707446906926986e-12,3.4236686810629254e-12,4.707446906926986e-12,3.383823802769066e-22
0.0,1,488,0.0,0.0,0.0,0.0,0.0,2.809460736603688e-46,8.981490501241499e-45,1.851610284129285e-15,1.0658141036401503e-14,3.4236686810629254e-12,4.707446906926986e-12,3.4236686810629254e-12,4.707446906926986e-12,3.0914996113004656e-22
0.0,1,489,0.0,0.0,0.0,0.0,0.0,2.566755032595658e-46,8.205591074442444e-45,1.851610284129285e-15,1.0658141036401503e-14,3.4236686810629254e-12,4.707446906926986e-12,3.4236686810629254e-12,4.707446906926986e-12,2.824428931213995e-22
0.0,1,490,0.0,0.0,0.0,0.0,0.0,2.3450163625776628e-46,7.496720602405845e-45,1.851610284129285e-15,1.0658141036401503e-14,3.4236686810629254e-12,4.707446906926986e-12,3.4236686810629254e-12,4.707446906926986e-12,2.5804301441016967e-22
0.0,1,491,0.0,0.0,0.0,0.0,0.0,2.1424334114175056e-46,6.849088539835011e-45,1.851610284129285e-15,1.0658141036401503e-14,3.4236686810629254e-12,4.707446906926986e-12,3.4236686810629254e-12,4.707446906926986e-12,2.3575100987677e-22
0.0,1,492,0.0,0.0,0.0,0.0,0.0,1.9573513411704604e-46,6.257404579202946e-45,1.851610284129285e-15,1.0658141036401503e-14,3.4236686810629254e-12,4.707446906926986e-12,3.4236686810629254e-12,4.707446906926986e-12,2.153847829787489e-22
0.0,1,493,0.0,0.0,0.0,0.0,0.0,1.788258273216026e-46,5.716835435853936e-45,1.851610284129285e-15,1.0658141036401503e-14,3.4236686810629254e-12,4.707446906926986e-12,3.4236686810629254e-12,4.707446906926986e-12,1.9677796826004326e-22
0.0,1,494,0.0,0.0,0.0,0.0,0.0,1.633772938185591e-46,5.22296536638491e-45,1.851610284129285e-15,1.0658141036401503e-14,3.4236686810629254e-12,4.707446906926986e-12,3.4236686810629254e-12,4.707446906926986e-12,1.7977857236261125e-22
0.0,1,495,0.0,0.0,0.0,0.0,0.0,1.4926333927969057e-46,4.771760097792883e-45,1.851610284129285e-15,1.0658141036401503e-14,3.4236686810629254e-12,4.707446906926986e-12,3.4236686810629254e-12,4.707446906926986e-12,1.6424773243936625e-22
0.0,1,496,0.0,0.0,0.0,0.0,0.0,1.363686711426797e-46,4.3595338727372187e-45,1.851610284129285e-15,1.0658141036401503e-14,3.4236686810629254e-12,4.707446906926986e-12,3.4236686810629254e-12,4.707446906926986e-12,1.5005858182621037e-22
0.0,1,497,0.0,0.0,0.0,0.0,0.0,1.2458795682156263e-46,3.9829193417192024e-45,1.851610284129285e-15,1.0658141036401503e-14,3.4236686810629254e-12,4.707446906926986e-12,3.4236686810629254e-12,4.707446906926986e-12,1.3709521370717118e-22
0.0,1,498,0.0,0.0,0.0,0.0,0.0,1.138249632771666e-46,3.638840056237618e-45,1.851610284129285e-15,1.0658141036401503e-14,3.4236686810629254e-12,4.707446906926986e-12,3.4236686810629254e-12,4.707446906926986e-12,1.2525173430722243e-22
0.0,1,499,0.0,0.0,0.0,0.0,0.0,1.039917709189531e-46,3.324485338225293e-45,1.851610284129285e-15,1.0658141036401503e-14,3.4236686810629254e-12,4.707446906926986e-12,3.4236686810629254e-12,4.707446906926986e-12,1.1443139787852535e-22
0.0,1,500,0.0,0.0,0.0,0.0,0.0,9.500805541686807e-47,3.0372873204826633e-45,1.851610284129285e-15,1.0658141036401503e-14,3.4236686810629254e-12,4.707446906926986e-12,3.4236686810629254e-12,4.707446906926986e-12,1.045458164141258e-22
0.0,1,501,0.0,0.0,0.0,0.0,0.0,8.680043155654659e-47,2.774899970558865e-45,1.851610284129285e-15,1.0658141036401503e-14,3.4236686810629254e-12,4.707446906926986e-12,3.4236686810629254e-12,4.707446906926986e-12,9.551423763343616e-23
0.0,1,502,0.0,0.0,0.0,0.0,0.0,7.930185377802223e-47,2.5351799267327553e-45,1.851610284129285e-15,1.0658141036401503e-14,3.4236686810629254e-12,4.707446906926986e-12,3.4236686810629254e-12,4.707446906926986e-12,8.726288534166873e-23
0.0,1,503,0.0,0.0,0.0,0.0,0.0,7.245106850112834e-47,2.3161689895489504e-45,1.851610284129285e-15,1.0658141036401503e-14,3.4236686810629254e-12,4.707446906926986e-12,3.4236686810629254e-12,4.707446906926986e-12,7.972435677471527e-23
0.0,1,504,0.0,0.0,0.0,0.0,0.0,6.619211376380102e-47,2.1160781258874672e-45,1.851610284129285e-15,1.0658141036401503e-14,3.4236686810629254e-12,4.707446906926986e-12,3.4236686810629254e-12,4.707446906926986e-12,7.283707200668433e-23
0.0,1,505,0.0,0.0,0.0,0.0,0.0,6.047386208599191e-47,1.933272854901416e-45,1.851610284129285e-15,1.0658141036401503e-14,3.4236686810629254e-12,4.707446906926986e-12,3.4236686810629254e-12,4.707446906926986e-12,6.654477092237123e-23
0.0,1,506,0.0,0.0,0.0,0.0,0.0,5.524960282497501e-47,1.766259896444595e-45,1.851610284129285e-15,1.0658141036401503e-14,3.4236686810629254e-12,4.707446906926986e-12,3.4236686810629254e-12,4.707446906926986e-12,6.079605364565449e-23
0.0,1,507,0.0,0.0,0.0,0.0,0.0,5.047666061044522e-47,1.6136749729243736e-45,1.851610284129285e-15,1.0658141036401503e-14,3.4236686810629254e-12,4.707446906926986e-12,3.4236686810629254e-12,4.707446906926986e-12,5.554396066968575e-23
0.0,1,508,0.0,0.0,0.0,0.0,0.0,4.611604674251756e-47,1.4742716649368057e-45,1.851610284129285e-15,1.0658141036401503e-14,3.4236686810629254e-12,4.707446906926986e-12,3.4236686810629254e-12,4.707446906926986e-12,5.074558925908235e-23
0.0,1,509,0.0,0.0,0.0,0.0,0.0,4.213214070500505e-47,1.3469112296490972e-45,1.851610284129285e-15,1.0658141036401503e-14,3.4236686810629254e-12,4.707446906926986e-12,3.4236686810629254e-12,4.707446906926986e-12,4.636174299066417e-23
0.0,1,510,0.0,0.0,0.0,0.0,0.0,3.8492399192356124e-47,1.2305532987589524e-45,1.851610284129285e-15,1.0658141036401503e-14,3.4236686810629254e-12,4.707446906926986e-12,3.4236686810629254e-12,4.707446906926986e-12,4.2356611569894525e-23
0.0,1,511,0.0,0.0,0.0,0.0,0.0,3.516709027338091e-47,1.1242473800452626e-45,1.851610284129285e-15,1.0658141036401503e-14,3.4236686810629254e-12,4.707446906926986e-12,3.4236686810629254e-12,4.707446906926986e-12,3.869747830758252e-23
0.0,1,512,0.0,0.0,0.0,0.0,0.0,3.2129050520231355e-47,1.0271250930888961e-45,1.851610284129285e-15,1.0658141036401503e-14,3.4236686810629254e-12,4.707446906926986e-12,3.4236686810629254e-12,4.707446906926986e-12,3.535445286728794e-23
0.0,1,513,0.0,0.0,0.0,0.0,0.0,2.935346311869717e-47,9.383930757396128e-46,1.851610284129285e-15,1.0658141036401503e-14,3.4236686810629254e-12,4.707446906926986e-12,3.4236686810629254e-12,4.707446906926986e-12,3.2300227100335815e-23
0.0,1,514,0.0,0.0,0.0,0.0,0.0,2.681765514726789e-47,8.573265033841745e-46,1.851610284129285e-15,1.0658141036401503e-14,3.4236686810629254e-12,4.707446906926986e-12,3.4236686810629254e-12,4.707446906926986e-12,2.9509851973939914e-23
0.0,1,515,0.0,0.0,0.0,0.0,0.0,2.4500912368996967e-47,7.832631680765798e-46,1.851610284129285e-15,1.0658141036401503e-14,3.4236686810629254e-12,4.707446906926986e-12,3.4236686810629254e-12,4.707446906926986e-12,2.6960533770202983e-23
0.0,1,516,0.0,0.0,0.0,0.0,0.0,2.2384310023258215e-47,7.155980691646112e-46,1.851610284129285e-15,1.0658141036401503e-14,3.4236686810629254e-12,4.707446906926986e-12,3.4236686810629254e-12,4.707446906926986e-12,2.4631447891237997e-23
0.0,1,517,0.0,0.0,0.0,0.0,0.0,2.045055823518496e-47,6.537784712252053e-46,1.851610284129285e-15,1.0658141036401503e-14,3.4236686810629254e-12,4.707446906926986e-12,3.4236686810629254e-12,4.707446906926986e-12,2.2503568749419248e-23
0.0,1,518,0.0,0.0,0.0,0.0,0.0,1.8683860779990075e-47,5.972993889384657e-46,1.851610284129285e-15,1.0658141036401503e-14,3.4236686810629254e-12,4.707446906926986e-12,3.4236686810629254e-12,4.707446906926986e-12,2.0559514353191747e-23
0.0,1,519,0.0,0.0,0.0,0.0,0.0,1.7069786048453712e-47,5.456994620175693e-46,1.851610284129285e-15,1.0658141036401503e-14,3.4236686810629254e-12,4.707446906926986e-12,3.4236686810629254e-12,4.707446906926986e-12,1.8783404318927022e-23
0.0,1,520,0.0,0.0,0.0,0.0,0.0,1.5595149159537903e-47,4.985571864982161e-46,1.851610284129285e-15,1.0658141036401503e-14,3.4236686810629254e-12,4.707446906926986e-12,3.4236686810629254e-12,4.707446906926986e-12,1.7160730148935753e-23
0.0,1,521,0.0,0.0,0.0,0.0,0.0,1.424790425714019e-47,4.55487471602115e-46,1.851610284129285e-15,1.0658141036401503e-14,3.4236686810629254e-12,4.707446906926986e-12,3.4236686810629254e-12,4.707446906926986e-12,1.5678236716005533e-23
0.0,1,522,0.0,0.0,0.0,0.0,0.0,1.3017046111192716e-47,4.1613849404862505e-46,1.851610284129285e-15,1.0658141036401503e-14,3.4236686810629254e-12,4.707446906926986e-12,3.4236686810629254e-12,4.707446906926986e-12,1.432381398633912e-23
0.0,1,523,0.0,0.0,0.0,0.0,0.0,1.1892520219315964e-47,3.801888241183708e-46,1.851610284129285e-15,1.0658141036401503e-14,3.4236686810629254e-12,4.707446906926986e-12,3.4236686810629254e-12,4.707446906926986e-12,1.3086398096399274e-23
0.0,1,524,0.0,0.0,0.0,0.0,0.0,1.0865140674674898e-47,3.4734479999252235e-46,1.851610284129285e-15,1.0658141036401503e-14,3.4236686810629254e-12,4.707446906926986e-12,3.4236686810629254e-12,4.707446906926986e-12,1.1955880975610323e-23
0.0,1,525,0.0,0.0,0.0,0.0,0.0,9.926515129125878e-48,3.1733812891954502e-46,1.851610284129285e-15,1.0658141036401503e-14,3.4236686810629254e-12,4.707446906926986e-12,3.4236686810629254e-12,4.707446906926986e-12,1.0923027776625855e-23
0.0,1,526,0.0,0.0,0.0,0.0,0.0,9.068976238700486e-48,2.8992369561405728e-46,1.851610284129285e-15,1.0658141036401503e-14,3.4236686810629254e-12,4.707446906926986e-12,3.4236686810629254e-12,4.707446906926986e-12,9.979401438701083e-24
0.0,1,527,0.0,0.0,0.0,0.0,0.0,8.285519031426328e-48,2.648775599853085e-46,1.851610284129285e-15,1.0658141036401503e-14,3.4236686810629254e-12,4.707446906926986e-12,3.4236686810629254e-12,4.707446906926986e-12,9.117293767929062e-24
0.0,1,528,0.0,0.0,0.0,0.0,0.0,7.569743685861175e-48,2.4199512783931645e-46,1.851610284129285e-15,1.0658141036401503e-14,3.4236686810629254e-12,4.707446906926986e-12,3.4236686810629254e-12,4.707446906926986e-12,8.329662471373253e-24
0.0,1,529,0.0,0.0,0.0,0.0,0.0,6.915803252915942e-48,2.2108947961169402e-46,1.851610284129285e-15,1.0658141036401503e-14,3.4236686810629254e-12,4.707446906926986e-12,3.4236686810629254e-12,4.707446906926986e-12,7.610073630737577e-24
0.0,1,530,0.0,0.0,0.0,0.0,0.0,6.318355893922367e-48,2.0198984347910497e-46,1.851610284129285e-15,1.0658141036401503e-14,3.4236686810629254e-12,4.707446906926986e-12,3.4236686810629254e-12,4.707446906926986e-12,6.952649145662445e-24
0.0,1,531,0.0,0.0,0.0,0.0,0.0,5.77252124479268e-48,1.8454020037665956e-46,1.851610284129285e-15,1.0658141036401503e-14,3.4236686810629254e-12,4.707446906926986e-12,3.4236686810629254e-12,4.707446906926986e-12,6.352018717326423e-24
0.0,1,532,0.0,0.0,0.0,0.0,0.0,5.273840549823307e-48,1.6859800952606095e-46,1.851610284129285e-15,1.0658141036401503e-14,3.4236686810629254e-12,4.707446906926986e-12,3.4236686810629254e-12,4.707446906926986e-12,5.803275980126122e-24
0.0,1,533,0.0,0.0,0.0,0.0,0.0,4.818240239488188e-48,1.5403304406374141e-46,1.851610284129285e-15,1.0658141036401503e-14,3.4236686810629254e-12,4.707446906926986e-12,3.4236686810629254e-12,4.707446906926986e-12,5.301938423078699e-24
0.0,1,534,0.0,0.0,0.0,0.0,0.0,4.4019986546997575e-48,1.4072632725758887e-46,1.851610284129285e-15,1.0658141036401503e-14,3.4236686810629254e-12,4.707446906926986e-12,3.4236686810629254e-12,4.707446906926986e-12,4.8439107735677075e-24
0.0,1,535,0.0,0.0,0.0,0.0,0.0,4.02171564571816e-48,1.2856916062254021e-46,1.851610284129285e-15,1.0658141036401503e-14,3.4236686810629254e-12,4.707446906926986e-12,3.4236686810629254e-12,4.707446906926986e-12,4.4254515443163236e-24
0.0,1,536,0.0,0.0,0.0,0.0,0.0,3.674284797371758e-48,1.1746223599602367e-46,1.851610284129285e-15,1.0658141036401503e-14,3.4236686810629254e-12,4.707446906926986e-12,3.4236686810629254e-12,4.707446906926986e-12,4.043142470328255e-24
0.0,1,537,0.0,0.0,0.0,0.0,0.0,3.356868053705082e-48,1.073148243200604e-46,1.851610284129285e-15,1.0658141036401503e-14,3.4236686810629254e-12,4.707446906926986e-12,3.4236686810629254e-12,4.707446906926986e-12,3.6938605861287555e-24
0.0,1,538,0.0,0.0,0.0,0.0,0.0,3.066872534770918e-48,9.804403450344088e-47,1.851610284129285e-15,1.0658141036401503e-14,3.4236686810629254e-12,4.707446906926986e-12,3.4236686810629254e-12,4.707446906926986e-12,3.374752715218285e-24
0.0,1,539,0.0,0.0,0.0,0.0,0.0,2.8019293561898585e-48,8.95741363098425e-47,1.851610284129285e-15,1.0658141036401503e-14,3.4236686810629254e-12,4.707446906926986e-12,3.4236686810629254e-12,4.707446906926986e-12,3.08321216335055e-24
0.0,1,540,0.0,0.0,0.0,0.0,0.0,2.559874278460987e-48,8.183594174077631e-47,1.851610284129285e-15,1.0658141036401503e-14,3.4236686810629254e-12,4.707446906926986e-12,3.4236686810629254e-12,4.707446906926986e-12,2.81685742524643e-24
0.0,1,541,0.0,0.0,0.0,0.0,0.0,2.338730027953685e-48,7.476623986006381e-47,1.851610284129285e-15,1.0658141036401503e-14,3.4236686810629254e-12,4.707446906926986e-12,3.4236686810629254e-12,4.707446906926986e-12,2.573512730808328e-24
0.0,1,542,0.0,0.0,0.0,0.0,0.0,2.136690145166279e-48,6.8307280443102185e-47,1.851610284129285e-15,1.0658141036401503e-14,3.4236686810629254e-12,4.707446906926986e-12,3.4236686810629254e-12,4.707446906926986e-12,2.3511902719227102e-24
0.0,1,543,0.0,0.0,0.0,0.0,0.0,1.9521042283128872e-48,6.240630223300678e-47,1.851610284129285e-15,1.0658141036401503e-14,3.4236686810629254e-12,4.707446906926986e-12,3.4236686810629254e-12,4.707446906926986e-12,2.1480739646651557e-24
0.0,1,544,0.0,0.0,0.0,0.0,0.0,1.783464451697792e-48,5.701510195009774e-47,1.851610284129285e-15,1.0658141036401503e-14,3.4236686810629254e-12,4.707446906926986e-12,3.4236686810629254e-12,4.707446906926986e-12,1.9625046142688827e-24
0.0,1,545,0.0,0.0,0.0,0.0,0.0,1.6293932487501826e-48,5.208964053410499e-47,1.851610284129285e-15,1.0658141036401503e-14,3.4236686810629254e-12,4.707446906926986e-12,3.4236686810629254e-12,4.707446906926986e-12,1.7929663616713493e-24
0.0,1,546,0.0,0.0,0.0,0.0,0.0,1.4886320591056828e-48,4.758968340260275e-47,1.851610284129285e-15,1.0658141036401503e-14,3.4236686810629254e-12,4.707446906926986e-12,3.4236686810629254e-12,4.707446906926986e-12,1.638074300927312e-24
0.0,1,547,0.0,0.0,0.0,0.0,0.0,1.3600310478130588e-48,4.347847178705603e-47,1.851610284129285e-15,1.0658141036401503e-14,3.4236686810629254e-12,4.707446906926986e-12,3.4236686810629254e-12,4.707446906926986e-12,1.4965631663368668e-24
0.0,1,548,0.0,0.0,0.0,0.0,0.0,1.242539712685418e-48,3.972242246172266e-47,1.851610284129285e-15,1.0658141036401503e-14,3.4236686810629254e-12,4.707446906926986e-12,3.4236686810629254e-12,4.707446906926986e-12,1.3672769968788117e-24
0.0,1,549,0.0,0.0,0.0,0.0,0.0,1.1351983030703407e-48,3.629085341259205e-47,1.851610284129285e-15,1.0658141036401503e-14,3.4236686810629254e-12,4.707446906926986e-12,3.4236686810629254e-12,4.707446906926986e-12,1.249159693519533e-24
0.0,1,550,0.0,0.0,0.0,0.0,0.0,1.0371299799413722e-48,3.3155733205429815e-47,1.851610284129285e-15,1.0658141036401503e-14,3.4236686810629254e-12,4.707446906926986e-12,3.4236686810629254e-12,4.707446906926986e-12,1.1412463922642027e-24
0.0,1,551,0.0,0.0,0.0,0.0,0.0,9.47533653269157e-49,3.029145200559561e-47,1.851610284129285e-15,1.0658141036401503e-14,3.4236686810629254e-12,4.707446906926986e-12,3.4236686810629254e-12,4.707446906926986e-12,1.0426555824791307e-24
0.0,1,552,0.0,0.0,0.0,0.0,0.0,8.656774381629093e-49,2.767461237916571e-47,1.851610284129285e-15,1.0658141036401503e-14,3.4236686810629254e-12,4.707446906926986e-12,3.4236686810629254e-12,4.707446906926986e-12,9.52581906101853e-25
0.0,1,553,0.0,0.0,0.0,0.0,0.0,7.908926763273736e-49,2.528383816647658e-47,1.851610284129285e-15,1.0658141036401503e-14,3.4236686810629254e-12,4.707446906926986e-12,3.4236686810629254e-12,4.707446906926986e-12,8.702895789183726e-25
0.0,1,554,0.0,0.0,0.0,0.0,0.0,7.225684739984648e-49,2.3099599866838225e-47,1.851610284129285e-15,1.0658141036401503e-14,3.4236686810629254e-12,4.707446906926986e-12,3.4236686810629254e-12,4.707446906926986e-12,7.951063801677231e-25
0.0,1,555,0.0,0.0,0.0,0.0,0.0,6.6014671173963255e-49,2.1104055108037977e-47,1.851610284129285e-15,1.0658141036401503e-14,3.4236686810629254e-12,4.707446906926986e-12,3.4236686810629254e-12,4.707446906926986e-12,7.264181613769521e-25
0.0,1,556,0.0,0.0,0.0,0.0,0.0,6.031174853354791e-49,1.9280902897477971e-47,1.851610284129285e-15,1.0658141036401503e-14,3.4236686810629254e-12,4.707446906926986e-12,3.4236686810629254e-12,4.707446906926986e-12,6.636638295708022e-25
0.0,1,557,0.0,0.0,0.0,0.0,0.0,5.510149405407594e-49,1.7615250464370857e-47,1.851610284129285e-15,1.0658141036401503e-14,3.4236686810629254e-12,4.707446906926986e-12,3.4236686810629254e-12,4.707446906926986e-12,6.063307638752726e-25
0.0,1,558,0.0,0.0,0.0,0.0,0.0,5.034134676600386e-49,1.6093491605266331e-47,1.851610284129285e-15,1.0658141036401503e-14,3.4236686810629254e-12,4.707446906926986e-12,3.4236686810629254e-12,4.707446906926986e-12,5.539506280752851e-25
0.0,1,559,0.0,0.0,0.0,0.0,0.0,4.599242248727364e-49,1.4703195539151774e-47,1.851610284129285e-15,1.0658141036401503e-14,3.4236686810629254e-12,4.707446906926986e-12,3.4236686810629254e-12,4.707446906926986e-12,5.060955449196235e-25
0.0,1,560,0.0,0.0,0.0,0.0,0.0,4.201919619036412e-49,1.3433005364217515e-47,1.851610284129285e-15,1.0658141036401503e-14,3.4236686810629254e-12,4.707446906926986e-12,3.4236686810629254e-12,4.707446906926986e-12,4.62374600923261e-25
0.0,1,561,0.0,0.0,0.0,0.0,0.0,3.83892118092467e-49,1.2272545286812271e-47,1.851610284129285e-15,1.0658141036401503e-14,3.4236686810629254e-12,4.707446906926986e-12,3.4236686810629254e-12,4.707446906926986e-12,4.224306531149194e-25
0.0,1,562,0.0,0.0,0.0,0.0,0.0,3.5072817115744084e-49,1.121233586476961e-47,1.851610284129285e-15,1.0658141036401503e-14,3.4236686810629254e-12,4.707446906926986e-12,3.4236686810629254e-12,4.707446906926986e-12,3.8593741164581894e-25
0.0,1,563,0.0,0.0,0.0,0.0,0.0,3.204292149957972e-49,1.0243716572754486e-47,1.851610284129285e-15,1.0658141036401503e-14,3.4236686810629254e-12,4.707446906926986e-12,3.4236686810629254e-12,4.707446906926986e-12,3.5259677442808355e-25
0.0,1,564,0.0,0.0,0.0,0.0,0.0,2.927477467349842e-49,9.358775057090296e-48,1.851610284129285e-15,1.0658141036401503e-14,3.4236686810629254e-12,4.707446906926986e-12,3.4236686810629254e-12,4.707446906926986e-12,3.2213639203030475e-25
0.0,1,565,0.0,0.0,0.0,0.0,0.0,2.6745764495766916e-49,8.550282502170396e-48,1.851610284129285e-15,1.0658141036401503e-14,3.4236686810629254e-12,4.707446906926986e-12,3.4236686810629254e-12,4.707446906926986e-12,2.9430744293850766e-25
0.0,1,566,0.0,0.0,0.0,0.0,0.0,2.4435232258528573e-49,7.811634580482222e-48,1.851610284129285e-15,1.0658141036401503e-14,3.4236686810629254e-12,4.707446906926986e-12,3.4236686810629254e-12,4.707446906926986e-12,2.688826010097614e-25
0.0,1,567,0.0,0.0,0.0,0.0,0.0,2.232430393316062e-49,7.136797503883192e-48,1.851610284129285e-15,1.0658141036401503e-14,3.4236686810629254e-12,4.707446906926986e-12,3.4236686810629254e-12,4.707446906926986e-12,2.4565417851453478e-25
0.0,1,568,0.0,0.0,0.0,0.0,0.0,2.0395735994127277e-49,6.520258735437314e-48,1.851610284129285e-15,1.0658141036401503e-14,3.4236686810629254e-12,4.707446906926986e-12,3.4236686810629254e-12,4.707446906926986e-12,2.2443242959948554e-25
0.0,1,569,0.0,0.0,0.0,0.0,0.0,1.863377456191276e-49,5.956981959193087e-48,1.851610284129285e-15,1.0658141036401503e-14,3.4236686810629254e-12,4.707446906926986e-12,3.4236686810629254e-12,4.707446906926986e-12,2.0504400031179903e-25
0.0,1,570,0.0,0.0,0.0,0.0,0.0,1.702402671441546e-49,5.4423659400644876e-48,1.851610284129285e-15,1.0658141036401503e-14,3.4236686810629254e-12,4.707446906926986e-12,3.4236686810629254e-12,4.707446906926986e-12,1.8733051252394279e-25
0.0,1,571,0.0,0.0,0.0,0.0,0.0,1.5553342915584913e-49,4.9722069377538023e-48,1.851610284129285e-15,1.0658141036401503e-14,3.4236686810629254e-12,4.707446906926986e-12,3.4236686810629254e-12,4.707446906926986e-12,1.7114727019136329e-25
0.0,1,572,0.0,0.0,0.0,0.0,0.0,1.4209709600898071e-49,4.542664367687488e-48,1.851610284129285e-15,1.0658141036401503e-14,3.4236686810629254e-12,4.707446906926986e-12,3.4236686810629254e-12,4.707446906926986e-12,1.5636207737494493e-25
0.0,1,573,0.0,0.0,0.0,0.0,0.0,1.2982151042238591e-49,4.1502294284597507e-48,1.851610284129285e-15,1.0658141036401503e-14,3.4236686810629254e-12,4.707446906926986e-12,3.4236686810629254e-12,4.707446906926986e-12,1.4285415837291126e-25
0.0,1,574,0.0,0.0,0.0,0.0,0.0,1.186063969054263e-49,3.791696439510822e-48,1.851610284129285e-15,1.0658141036401503e-14,3.4236686810629254e-12,4.707446906926986e-12,3.4236686810629254e-12,4.707446906926986e-12,1.305131711412157e-25
0.0,1,575,0.0,0.0,0.0,0.0,0.0,1.0836014263828654e-49,3.464136654906498e-48,1.851610284129285e-15,1.0658141036401503e-14,3.4236686810629254e-12,4.707446906926986e-12,3.4236686810629254e-12,4.707446906926986e-12,1.1923830594326291e-25
0.0,1,576,0.0,0.0,0.0,0.0,0.0,9.899904911496904e-50,3.1648743393115545e-48,1.851610284129285e-15,1.0658141036401503e-14,3.4236686810629254e-12,4.707446906926986e-12,3.4236686810629254e-12,4.707446906926986e-12,1.0893746186609278e-25
0.0,1,577,0.0,0.0,0.0,0.0,0.0,9.04466484358904e-50,2.891464910729134e-48,1.851610284129285e-15,1.0658141036401503e-14,3.4236686810629254e-12,4.707446906926986e-12,3.4236686810629254e-12,4.707446906926986e-12,9.95264944763063e-26
0.0,1,578,0.0,0.0,0.0,0.0,0.0,8.263307866508201e-50,2.6416749714607895e-48,1.851610284129285e-15,1.0658141036401503e-14,3.4236686810629254e-12,4.707446906926986e-12,3.4236686810629254e-12,4.707446906926986e-12,9.092852847002122e-26
0.0,1,579,0.0,0.0,0.0,0.0,0.0,7.549451314947912e-50,2.413464064166228e-48,1.851610284129285e-15,1.0658141036401503e-14,3.4236686810629254e-12,4.707446906926986e-12,3.4236686810629254e-12,4.707446906926986e-12,8.307332970208286e-26
0.0,1,580,0.0,0.0,0.0,0.0,0.0,6.897263913858347e-50,2.2049680039936097e-48,1.851610284129285e-15,1.0658141036401503e-14,3.4236686810629254e-12,4.707446906926986e-12,3.4236686810629254e-12,4.707446906926986e-12,7.589673146494068e-26
0.0,1,581,0.0,0.0,0.0,0.0,0.0,6.301418144550369e-50,2.0144836506257112e-48,1.851610284129285e-15,1.0658141036401503e-14,3.4236686810629254e-12,4.707446906926986e-12,3.4236686810629254e-12,4.707446906926986e-12,6.934011033045968e-26
0.0,1,582,0.0,0.0,0.0,0.0,0.0,5.757046725830721e-50,1.840454995849477e-48,1.851610284129285e-15,1.0658141036401503e-14,3.4236686810629254e-12,4.707446906926986e-12,3.4236686810629254e-12,4.707446906926986e-12,6.334990727316732e-26
0.0,1,583,0.0,0.0,0.0,0.0,0.0,5.259702854675932e-50,1.6814604530025332e-48,1.851610284129285e-15,1.0658141036401503e-14,3.4236686810629254e-12,4.707446906926986e-12,3.4236686810629254e-12,4.707446906926986e-12,5.787719016299147e-26
0.0,1,584,0.0,0.0,0.0,0.0,0.0,4.805323881663352e-50,1.5362012444680935e-48,1.851610284129285e-15,1.0658141036401503e-14,3.4236686810629254e-12,4.707446906926986e-12,3.4236686810629254e-12,4.707446906926986e-12,5.287725405372383e-26
0.0,1,585,0.0,0.0,0.0,0.0,0.0,4.390198124435082e-50,1.403490792359279e-48,1.851610284129285e-15,1.0658141036401503e-14,3.4236686810629254e-12,4.707446906926986e-12,3.4236686810629254e-12,4.707446906926986e-12,4.8309256002027036e-26
0.0,1,586,0.0,0.0,0.0,0.0,0.0,4.010934548104117e-50,1.2822450257285864e-48,1.851610284129285e-15,1.0658141036401503e-14,3.4236686810629254e-12,4.707446906926986e-12,3.4236686810629254e-12,4.707446906926986e-12,4.413588143397815e-26
0.0,1,587,0.0,0.0,0.0,0.0,0.0,3.6644350649312054e-50,1.171473525125067e-48,1.851610284129285e-15,1.0658141036401503e-14,3.4236686810629254e-12,4.707446906926986e-12,3.4236686810629254e-12,4.707446906926986e-12,4.03230393337544e-26
0.0,1,588,0.0,0.0,0.0,0.0,0.0,3.347869226997139e-50,1.0702714321618633e-48,1.851610284129285e-15,1.0658141036401503e-14,3.4236686810629254e-12,4.707446906926986e-12,3.4236686810629254e-12,4.707446906926986e-12,3.6839583764599377e-26
0.0,1,589,0.0,0.0,0.0,0.0,0.0,3.058651105142396e-50,9.778120580057578e-49,1.851610284129285e-15,1.0658141036401503e-14,3.4236686810629254e-12,4.707446906926986e-12,3.4236686810629254e-12,4.707446906926986e-12,3.365705944722576e-26
0.0,1,590,0.0,0.0,0.0,0.0,0.0,2.794418165305714e-50,8.933401304098873e-49,1.851610284129285e-15,1.0658141036401503e-14,3.4236686810629254e-12,4.707446906926986e-12,3.4236686810629254e-12,4.707446906926986e-12,3.074946931736548e-26
0.0,1,591,0.0,0.0,0.0,0.0,0.0,2.5530119697084655e-50,8.161656241265704e-49,1.851610284129285e-15,1.0658141036401503e-14,3.4236686810629254e-12,4.707446906926986e-12,3.4236686810629254e-12,4.707446906926986e-12,2.8093062163738954e-26
0.0,1,592,0.0,0.0,0.0,0.0,0.0,2.332460545238984e-50,7.456581243028646e-49,1.851610284129285e-15,1.0658141036401503e-14,3.4236686810629254e-12,4.707446906926986e-12,3.4236686810629254e-12,4.707446906926986e-12,2.5666138611701066e-26
0.0,1,593,0.0,0.0,0.0,0.0,0.0,2.130962275009541e-50,6.812416768151479e-49,1.851610284129285e-15,1.0658141036401503e-14,3.4236686810629254e-12,4.707446906926986e-12,3.4236686810629254e-12,4.707446906926986e-12,2.3448873867701932e-26
0.0,1,594,0.0,0.0,0.0,0.0,0.0,1.9468711815009746e-50,6.223900834766649e-49,1.851610284129285e-15,1.0658141036401503e-14,3.4236686810629254e-12,4.707446906926986e-12,3.4236686810629254e-12,4.707446906926986e-12,2.1423155776644326e-26
0.0,1,595,0.0,0.0,0.0,0.0,0.0,1.7786834810776035e-50,5.6862260368606745e-49,1.851610284129285e-15,1.0658141036401503e-14,3.4236686810629254e-12,4.707446906926986e-12,3.4236686810629254e-12,4.707446906926986e-12,1.9572436869239105e-26
0.0,1,596,0.0,0.0,0.0,0.0,0.0,1.6250253000402458e-50,5.195000274049897e-49,1.851610284129285e-15,1.0658141036401503e-14,3.4236686810629254e-12,4.707446906926986e-12,3.4236686810629254e-12,4.707446906926986e-12,1.78815991908152e-26
0.0,1,597,0.0,0.0,0.0,0.0,0.0,1.4846414518737453e-50,4.746210873860812e-49,1.851610284129285e-15,1.0658141036401503e-14,3.4236686810629254e-12,4.707446906926986e-12,3.4236686810629254e-12,4.707446906926986e-12,1.6336830807383864e-26
0.0,1,598,0.0,0.0,0.0,0.0,0.0,1.3563851840135582e-50,4.336191813440161e-49,1.851610284129285e-15,1.0658141036401503e-14,3.4236686810629254e-12,4.707446906926986e-12,3.4236686810629254e-12,4.707446906926986e-12,1.4925512980191532e-26
0.0,1,599,0.0,0.0,0.0,0.0,0.0,1.2392088103760908e-50,3.961593772939659e-49,1.851610284129285e-15,1.0658141036401503e-14,3.4236686810629254e-12,4.707446906926986e-12,3.4236686810629254e-12,4.707446906926986e-12,1.3636117087114386e-26
0.0,1,600,0.0,0.0,0.0,0.0,0.0,1.1321551531326463e-50,3.619356775950157e-49,1.851610284129285e-15,1.0658141036401503e-14,3.4236686810629254e-12,4.707446906926986e-12,3.4236686810629254e-12,4.707446906926986e-12,1.2458110448884957e-26
0.0,1,601,0.0,0.0,0.0,0.0,0.0,1.03434972381757e-50,3.3066851934936834e-49,1.851610284129285e-15,1.0658141036401503e-14,3.4236686810629254e-12,4.707446906926986e-12,3.4236686810629254e-12,4.707446906926986e-12,1.1381870290867458e-26
0.0,1,602,0.0,0.0,0.0,0.0,0.0,9.449935799003793e-51,3.021024907388384e-49,1.851610284129285e-15,1.0658141036401503e-14,3.4236686810629254e-12,4.707446906926986e-12,3.4236686810629254e-12,4.707446906926986e-12,1.0398605137565261e-26
0.0,1,603,0.0,0.0,0.0,0.0,0.0,8.633567984694877e-51,2.760042446441142e-49,1.851610284129285e-15,1.0658141036401503e-14,3.4236686810629254e-12,4.707446906926986e-12,3.4236686810629254e-12,4.707446906926986e-12,9.50028299775666e-27
0.0,1,604,0.0,0.0,0.0,0.0,0.0,7.887725137159768e-51,2.5216059250376235e-49,1.851610284129285e-15,1.0658141036401503e-14,3.4236686810629254e-12,4.707446906926986e-12,3.4236686810629254e-12,4.707446906926986e-12,8.679565753623383e-27
0.0,1,605,0.0,0.0,0.0,0.0,0.0,7.20631469511513e-51,2.3037676284231226e-49,1.851610284129285e-15,1.0658141036401503e-14,3.4236686810629254e-12,4.707446906926986e-12,3.4236686810629254e-12,4.707446906926986e-12,7.929749217919112e-27
0.0,1,606,0.0,0.0,0.0,0.0,0.0,6.583770425820331e-51,2.104748102418538e-49,1.851610284129285e-15,1.0658141036401503e-14,3.4236686810629254e-12,4.707446906926986e-12,3.4236686810629254e-12,4.707446906926986e-12,7.244708369521825e-27
0.0,1,607,0.0,0.0,0.0,0.0,0.0,6.015006956230923e-51,1.922921617605448e-49,1.851610284129285e-15,1.0658141036401503e-14,3.4236686810629254e-12,4.707446906926986e-12,3.4236686810629254e-12,4.707446906926986e-12,6.618847320015356e-27
0.0,1,608,0.0,0.0,0.0,0.0,0.0,5.495378232147009e-51,1.7568028892414482e-49,1.851610284129285e-15,1.0658141036401503e-14,3.4236686810629254e-12,4.707446906926986e-12,3.4236686810629254e-12,4.707446906926986e-12,6.047053602596176e-27
0.0,1,609,0.0,0.0,0.0,0.0,0.0,5.020639566022776e-51,1.605034944425057e-49,1.851610284129285e-15,1.0658141036401503e-14,3.4236686810629254e-12,4.707446906926986e-12,3.4236686810629254e-12,4.707446906926986e-12,5.524656409899694e-27
0.0,1,610,0.0,0.0,0.0,0.0,0.0,4.5869129634167493e-51,1.4663780374005798e-49,1.851610284129285e-15,1.0658141036401503e-14,3.4236686810629254e-12,4.707446906926986e-12,3.4236686810629254e-12,4.707446906926986e-12,5.047388439610267e-27
0.0,1,611,0.0,0.0,0.0,0.0,0.0,4.190655444845617e-51,1.339699522455589e-49,1.851610284129285e-15,1.0658141036401503e-14,3.4236686810629254e-12,4.707446906926986e-12,3.4236686810629254e-12,4.707446906926986e-12,4.611351036176501e-27
0.0,1,612,0.0,0.0,0.0,0.0,0.0,3.8286301042722925e-51,1.2239646016857492e-49,1.851610284129285e-15,1.0658141036401503e-14,3.4236686810629254e-12,4.707446906926986e-12,3.4236686810629254e-12,4.707446906926986e-12,4.212982343892725e-27
0.0,1,613,0.0,0.0,0.0,0.0,0.0,3.4978796678141274e-51,1.1182278720483868e-49,1.851610284129285e-15,1.0658141036401503e-14,3.4236686810629254e-12,4.707446906926986e-12,3.4236686810629254e-12,4.707446906926986e-12,3.849028211191922e-27
0.0,1,614,0.0,0.0,0.0,0.0,0.0,3.195702336680299e-51,1.0216256026552257e-49,1.851610284129285e-15,1.0658141036401503e-14,3.4236686810629254e-12,4.707446906926986e-12,3.4236686810629254e-12,4.707446906926986e-12,3.516515608480216e-27
0.0,1,615,0.0,0.0,0.0,0.0,0.0,2.919629717006769e-51,9.33368679219871e-50,1.851610284129285e-15,1.0658141036401503e-14,3.4236686810629254e-12,4.707446906926986e-12,3.4236686810629254e-12,4.707446906926986e-12,3.2127283423719547e-27
0.0,1,616,0.0,0.0,0.0,0.0,0.0,2.6674066563045474e-51,8.527361580254445e-50,1.851610284129285e-15,1.0658141036401503e-14,3.4236686810629254e-12,4.707446906926986e-12,3.4236686810629254e-12,4.707446906926986e-12,2.9351848679383602e-27
0.0,1,617,0.0,0.0,0.0,0.0,0.0,2.4369728218112045e-51,7.790693767566459e-50,1.851610284129285e-15,1.0658141036401503e-14,3.4236686810629254e-12,4.707446906926986e-12,3.4236686810629254e-12,4.707446906926986e-12,2.6816180177292685e-27
0.0,1,618,0.0,0.0,0.0,0.0,0.0,2.2264458702649335e-51,7.117665740894702e-50,1.851610284129285e-15,1.0658141036401503e-14,3.4236686810629254e-12,4.707446906926986e-12,3.4236686810629254e-12,4.707446906926986e-12,2.4499564819783036e-27
0.0,1,619,0.0,0.0,0.0,0.0,0.0,2.0341060716202714e-51,6.502779740876748e-50,1.851610284129285e-15,1.0658141036401503e-14,3.4236686810629254e-12,4.707446906926986e-12,3.4236686810629254e-12,4.707446906926986e-12,2.2383078887089473e-27
0.0,1,620,0.0,0.0,0.0,0.0,0.0,1.8583822611012416e-51,5.94101295251915e-50,1.851610284129285e-15,1.0658141036401503e-14,3.4236686810629254e-12,4.707446906926986e-12,3.4236686810629254e-12,4.707446906926986e-12,2.044943345528882e-27
0.0,1,621,0.0,0.0,0.0,0.0,0.0,1.6978390048385247e-51,5.427776475363365e-50,1.851610284129285e-15,1.0658141036401503e-14,3.4236686810629254e-12,4.707446906926986e-12,3.4236686810629254e-12,4.707446906926986e-12,1.8682833168383964e-27
0.0,1,622,0.0,0.0,0.0,0.0,0.0,1.551164874250825e-51,4.958877838166603e-50,1.851610284129285e-15,1.0658141036401503e-14,3.4236686810629254e-12,4.707446906926986e-12,3.4236686810629254e-12,4.707446906926986e-12,1.7068847210893997e-27
0.0,1,623,0.0,0.0,0.0,0.0,0.0,1.4171617333873245e-51,4.5304867518910905e-50,1.851610284129285e-15,1.0658141036401503e-14,3.4236686810629254e-12,4.707446906926986e-12,3.4236686810629254e-12,4.707446906926986e-12,1.5594291426949102e-27
0.0,1,624,0.0,0.0,0.0,0.0,0.0,1.2947349517228802e-51,4.139103821248667e-50,1.851610284129285e-15,1.0658141036401503e-14,3.4236686810629254e-12,4.707446906926986e-12,3.4236686810629254e-12,4.707446906926986e-12,1.4247120622968323e-27
0.0,1,625,0.0,0.0,0.0,0.0,0.0,1.1828844624572501e-51,3.781531959214782e-50,1.851610284129285e-15,1.0658141036401503e-14,3.4236686810629254e-12,4.707446906926986e-12,3.4236686810629254e-12,4.707446906926986e-12,1.3016330174169492e-27
0.0,1,626,0.0,0.0,0.0,0.0,0.0,1.0806965932763827e-51,3.4548502710059685e-50,1.851610284129285e-15,1.0658141036401503e-14,3.4236686810629254e-12,4.707446906926986e-12,3.4236686810629254e-12,4.707446906926986e-12,1.1891866131172978e-27
0.0,1,627,0.0,0.0,0.0,0.0,0.0,9.873366028437311e-52,3.1563901941869126e-50,1.851610284129285e-15,1.0658141036401503e-14,3.4236686810629254e-12,4.707446906926986e-12,3.4236686810629254e-12,4.707446906926986e-12,1.0864543092366237e-27
0.0,1,628,0.0,0.0,0.0,0.0,0.0,9.020418620545192e-52,2.883713700003101e-50,1.851610284129285e-15,1.0658141036401503e-14,3.4236686810629254e-12,4.707446906926986e-12,3.4236686810629254e-12,4.707446906926986e-12,9.925969171185278e-28
0.0,1,629,0.0,0.0,0.0,0.0,0.0,8.241156243526472e-52,2.634593377872192e-50,1.851610284129285e-15,1.0658141036401503e-14,3.4236686810629254e-12,4.707446906926986e-12,3.4236686810629254e-12,4.707446906926986e-12,9.068477445364888e-28
0.0,1,630,0.0,0.0,0.0,0.0,0.0,7.52921334221963e-52,2.406994240350744e-50,1.851610284129285e-15,1.0658141036401503e-14,3.4236686810629254e-12,4.707446906926986e-12,3.4236686810629254e-12,4.707446906926986e-12,8.285063328206415e-28
0.0,1,631,0.0,0.0,0.0,0.0,0.0,6.878774273596402e-52,2.199057099946423e-50,1.851610284129285e-15,1.0658141036401503e-14,3.4236686810629254e-12,4.707446906926986e-12,3.4236686810629254e-12,4.707446906926986e-12,7.569327350256952e-28
0.0,1,632,0.0,0.0,0.0,0.0,0.0,6.2845258005588984e-52,2.0090833819860254e-50,1.851610284129285e-15,1.0658141036401503e-14,3.4236686810629254e-12,4.707446906926986e-12,3.4236686810629254e-12,4.707446906926986e-12,6.9154228840098295e-28
0.0,1,633,0.0,0.0,0.0,0.0,0.0,5.741613689736816e-52,1.8355212494804037e-50,1.851610284129285e-15,1.0658141036401503e-14,3.4236686810629254e-12,4.707446906926986e-12,3.4236686810629254e-12,4.707446906926986e-12,6.3180083845976e-28
0.0,1,634,0.0,0.0,0.0,0.0,0.0,5.245603058744932e-52,1.6769529266444034e-50,1.851610284129285e-15,1.0658141036401503e-14,3.4236686810629254e-12,4.707446906926986e-12,3.4236686810629254e-12,4.707446906926986e-12,5.772203756351844e-28
0.0,1,635,0.0,0.0,0.0,0.0,0.0,4.792442148990271e-52,1.5320831175216862e-50,1.851610284129285e-15,1.0658141036401503e-14,3.4236686810629254e-12,4.707446906926986e-12,3.4236686810629254e-12,4.707446906926986e-12,5.273550488800984e-28
0.0,1,636,0.0,0.0,0.0,0.0,0.0,4.37842922809978e-52,1.3997284251096342e-50,1.851610284129285e-15,1.0658141036401503e-14,3.4236686810629254e-12,4.707446906926986e-12,3.4236686810629254e-12,4.707446906926986e-12,4.817975236464958e-28
0.0,1,637,0.0,0.0,0.0,0.0,0.0,4.000182351604919e-52,1.278807684552508e-50,1.851610284129285e-15,1.0658141036401503e-14,3.4236686810629254e-12,4.707446906926986e-12,3.4236686810629254e-12,4.707446906926986e-12,4.4017565449473365e-28
0.0,1,638,0.0,0.0,0.0,0.0,0.0,3.654611736875338e-52,1.1683331314375934e-50,1.851610284129285e-15,1.0658141036401503e-14,3.4236686810629254e-12,4.707446906926986e-12,3.4236686810629254e-12,4.707446906926986e-12,4.021494451516262e-28
0.0,1,639,0.0,0.0,0.0,0.0,0.0,3.3388945236329803e-52,1.0674023330509038e-50,1.851610284129285e-15,1.0658141036401503e-14,3.4236686810629254e-12,4.707446906926986e-12,3.4236686810629254e-12,4.707446906926986e-12,3.674082711852826e-28
0.0,1,640,0.0,0.0,0.0,0.0,0.0,3.0504517148729822e-52,9.751908166813556e-51,1.851610284129285e-15,1.0658141036401503e-14,3.4236686810629254e-12,4.707446906926986e-12,3.4236686810629254e-12,4.707446906926986e-12,3.3566834260945532e-28
0.0,1,641,0.0,0.0,0.0,0.0,0.0,2.786927109828753e-52,8.909453347562584e-51,1.851610284129285e-15,1.0658141036401503e-14,3.4236686810629254e-12,4.707446906926986e-12,3.4236686810629254e-12,4.707446906926986e-12,3.0667038569024937e-28
0.0,1,642,0.0,0.0,0.0,0.0,0.0,2.5461680568911685e-52,8.139777117931102e-51,1.851610284129285e-15,1.0658141036401503e-14,3.4236686810629254e-12,4.707446906926986e-12,3.4236686810629254e-12,4.707446906926986e-12,2.8017752501857074e-28
0.0,1,643,0.0,0.0,0.0,0.0,0.0,2.3262078692583005e-52,7.436592229053053e-51,1.851610284129285e-15,1.0658141036401503e-14,3.4236686810629254e-12,4.707446906926986e-12,3.4236686810629254e-12,4.707446906926986e-12,2.5597334854765743e-28
0.0,1,644,0.0,0.0,0.0,0.0,0.0,2.1252497596746538e-52,6.79415457941539e-51,1.851610284129285e-15,1.0658141036401503e-14,3.4236686810629254e-12,4.707446906926986e-12,3.4236686810629254e-12,4.707446906926986e-12,2.3386013978943375e-28
0.0,1,645,0.0,0.0,0.0,0.0,0.0,1.9416521630275905e-52,6.207216293055926e-51,1.851610284129285e-15,1.0658141036401503e-14,3.4236686810629254e-12,4.707446906926986e-12,3.4236686810629254e-12,4.707446906926986e-12,2.1365726272925333e-28
0.0,1,646,0.0,0.0,0.0,0.0,0.0,1.773915326905791e-52,5.6709828512754e-51,1.851610284129285e-15,1.0658141036401503e-14,3.4236686810629254e-12,4.707446906926986e-12,3.4236686810629254e-12,4.707446906926986e-12,1.9519968626572815e-28
0.0,1,647,0.0,0.0,0.0,0.0,0.0,1.620669060582175e-52,5.1810739276859696e-51,1.851610284129285e-15,1.0658141036401503e-14,3.4236686810629254e-12,4.707446906926986e-12,3.4236686810629254e-12,4.707446906926986e-12,1.7833663612232573e-28
0.0,1,648,0.0,0.0,0.0,0.0,0.0,1.4806615423464377e-52,4.733487606669499e-51,1.851610284129285e-15,1.0658141036401503e-14,3.4236686810629254e-12,4.707446906926986e-12,3.4236686810629254e-12,4.707446906926986e-12,1.6293036321857705e-28
0.0,1,649,0.0,0.0,0.0,0.0,0.0,1.35274909375773e-52,4.324567692957218e-51,1.851610284129285e-15,1.0658141036401503e-14,3.4236686810629254e-12,4.707446906926986e-12,3.4236686810629254e-12,4.707446906926986e-12,1.4885501844011579e-28
0.0,1,650,0.0,0.0,0.0,0.0,0.0,1.2358868372865523e-52,3.9509738452929254e-51,1.851610284129285e-15,1.0658141036401503e-14,3.4236686810629254e-12,4.707446906926986e-12,3.4236686810629254e-12,4.707446906926986e-12,1.3599562461590514e-28
0.0,1,651,0.0,0.0,0.0,0.0,0.0,1.1291201610309159e-52,3.609654290210496e-51,1.851610284129285e-15,1.0658141036401503e-14,3.4236686810629254e-12,4.707446906926986e-12,3.4236686810629254e-12,4.707446906926986e-12,1.2424713730502104e-28
0.0,1,652,0.0,0.0,0.0,0.0,0.0,1.031576920784761e-52,3.2978208930332704e-51,1.851610284129285e-15,1.0658141036401503e-14,3.4236686810629254e-12,4.707446906926986e-12,3.4236686810629254e-12,4.707446906926986e-12,1.1351358672084403e-28
0.0,1,653,0.0,0.0,0.0,0.0,0.0,9.424603157596392e-53,3.012926382457689e-51,1.851610284129285e-15,1.0658141036401503e-14,3.4236686810629254e-12,4.707446906926986e-12,3.4236686810629254e-12,4.707446906926986e-12,1.0370729378333885e-28
0.0,1,654,0.0,0.0,0.0,0.0,0.0,8.610423797636392e-53,2.752643542675858e-51,1.851610284129285e-15,1.0658141036401503e-14,3.4236686810629254e-12,4.707446906926986e-12,3.4236686810629254e-12,4.707446906926986e-12,9.474815389555838e-29
0.0,1,655,0.0,0.0,0.0,0.0,0.0,7.866580346690315e-53,2.5148462030640137e-51,1.851610284129285e-15,1.0658141036401503e-14,3.4236686810629254e-12,4.707446906926986e-12,3.4236686810629254e-12,4.707446906926986e-12,8.656298259379306e-29
0.0,1,656,0.0,0.0,0.0,0.0,0.0,7.186996575931765e-53,2.2975918701472836e-51,1.851610284129285e-15,1.0658141036401503e-14,3.4236686810629254e-12,4.707446906926986e-12,3.4236686810629254e-12,4.707446906926986e-12,7.908491772613696e-29
0.0,1,657,0.0,0.0,0.0,0.0,0.0,6.566121174137235e-53,2.0991058599667934e-51,1.851610284129285e-15,1.0658141036401503e-14,3.4236686810629254e-12,4.707446906926986e-12,3.4236686810629254e-12,4.707446906926986e-12,7.225287327608939e-29
0.0,1,658,0.0,0.0,0.0,0.0,0.0,5.998882400728524e-53,1.9177668012310925e-51,1.851610284129285e-15,1.0658141036401503e-14,3.4236686810629254e-12,4.707446906926986e-12,3.4236686810629254e-12,4.707446906926986e-12,6.601104036965156e-29
0.0,1,659,0.0,0.0,0.0,0.0,0.0,5.480646656280889e-53,1.752093390831806e-51,1.851610284129285e-15,1.0658141036401503e-14,3.4236686810629254e-12,4.707446906926986e-12,3.4236686810629254e-12,4.707446906926986e-12,6.030843138975766e-29
0.0,1,660,0.0,0.0,0.0,0.0,0.0,5.007180632071583e-53,1.6007322935332132e-51,1.851610284129285e-15,1.0658141036401503e-14,3.4236686810629254e-12,4.707446906926986e-12,3.4236686810629254e-12,4.707446906926986e-12,5.509846347407565e-29
0.0,1,661,0.0,0.0,0.0,0.0,0.0,4.574616729480289e-53,1.4624470869921085e-51,1.851610284129285e-15,1.0658141036401503e-14,3.4236686810629254e-12,4.707446906926986e-12,3.4236686810629254e-12,4.707446906926986e-12,5.0338577993916666e-29
0.0,1,662,0.0,0.0,0.0,0.0,0.0,4.179421466763205e-53,1.3361081618032128e-51,1.851610284129285e-15,1.0658141036401503e-14,3.4236686810629254e-12,4.707446906926986e-12,3.4236686810629254e-12,4.707446906926986e-12,4.598989290585006e-29
0.0,1,663,0.0,0.0,0.0,0.0,0.0,3.8183666151252693e-53,1.2206834940666757e-51,1.851610284129285e-15,1.0658141036401503e-14,3.4236686810629254e-12,4.707446906926986e-12,3.4236686810629254e-12,4.707446906926986e-12,4.201688513623085e-29
0.0,1,664,0.0,0.0,0.0,0.0,0.0,3.488502828310068e-53,1.115230215101624e-51,1.851610284129285e-15,1.0658141036401503e-14,3.4236686810629254e-12,4.707446906926986e-12,3.4236686810629254e-12,4.707446906926986e-12,3.8387100404112006e-29
0.0,1,665,0.0,0.0,0.0,0.0,0.0,3.187135550295526e-53,1.0188869094413095e-51,1.851610284129285e-15,1.0658141036401503e-14,3.4236686810629254e-12,4.707446906926986e-12,3.4236686810629254e-12,4.707446906926986e-12,3.507088811218581e-29
0.0,1,666,0.0,0.0,0.0,0.0,0.0,2.911803004292901e-53,9.308665781945857e-52,1.851610284129285e-15,1.0658141036401503e-14,3.4236686810629254e-12,4.707446906926986e-12,3.4236686810629254e-12,4.707446906926986e-12,3.2041159140161224e-29
0.0,1,667,0.0,0.0,0.0,0.0,0.0,2.660256083247861e-53,8.504502102935428e-52,1.851610284129285e-15,1.0658141036401503e-14,3.4236686810629254e-12,4.707446906926986e-12,3.4236686810629254e-12,4.707446906926986e-12,2.927316456204578e-29
0.0,1,668,0.0,0.0,0.0,0.0,0.0,2.430439977575263e-53,7.769809091127759e-52,1.851610284129285e-15,1.0658141036401503e-14,3.4236686810629254e-12,4.707446906926986e-12,3.4236686810629254e-12,4.707446906926986e-12,2.6744293479774437e-29
0.0,1,669,0.0,0.0,0.0,0.0,0.0,2.2204773900504567e-53,7.098585264825129e-52,1.851610284129285e-15,1.0658141036401503e-14,3.4236686810629254e-12,4.707446906926986e-12,3.4236686810629254e-12,4.707446906926986e-12,2.443388832171842e-29
0.0,1,670,0.0,0.0,0.0,0.0,0.0,2.0286532007444347e-53,6.4853476026241135e-52,1.851610284129285e-15,1.0658141036401503e-14,3.4236686810629254e-12,4.707446906926986e-12,3.4236686810629254e-12,4.707446906926986e-12,2.2323076097324427e-29
0.0,1,671,0.0,0.0,0.0,0.0,0.0,1.8534004567356234e-53,5.9250867542968766e-52,1.851610284129285e-15,1.0658141036401503e-14,3.4236686810629254e-12,4.707446906926986e-12,3.4236686810629254e-12,4.707446906926986e-12,2.039461422945148e-29
0.0,1,672,0.0,0.0,0.0,0.0,0.0,1.693287572152431e-53,5.413226120946735e-52,1.851610284129285e-15,1.0658141036401503e-14,3.4236686810629254e-12,4.707446906926986e-12,3.4236686810629254e-12,4.707446906926986e-12,1.8632749705047445e-29
0.0,1,673,0.0,0.0,0.0,0.0,0.0,1.5470066339877224e-53,4.9455844701766716e-52,1.851610284129285e-15,1.0658141036401503e-14,3.4236686810629254e-12,4.707446906926986e-12,3.4236686810629254e-12,4.707446906926986e-12,1.7023090393617565e-29
0.0,1,674,0.0,0.0,0.0,0.0,0.0,1.4133627181588873e-53,4.5183417808851854e-52,1.851610284129285e-15,1.0658141036401503e-14,3.4236686810629254e-12,4.707446906926986e-12,3.4236686810629254e-12,4.707446906926986e-12,1.5552487482337993e-29
0.0,1,675,0.0,0.0,0.0,0.0,0.0,1.2912641285398227e-53,4.128008038686564e-52,1.851610284129285e-15,1.0658141036401503e-14,3.4236686810629254e-12,4.707446906926986e-12,3.4236686810629254e-12,4.707446906926986e-12,1.4208928067430204e-29
0.0,1,676,0.0,0.0,0.0,0.0,0.0,1.1797134792303624e-53,3.7713947270545926e-52,1.851610284129285e-15,1.0658141036401503e-14,3.4236686810629254e-12,4.707446906926986e-12,3.4236686810629254e-12,4.707446906926986e-12,1.2981437024443235e-29
0.0,1,677,0.0,0.0,0.0,0.0,0.0,1.0777995472170275e-53,3.4455887813098305e-52,1.851610284129285e-15,1.0658141036401503e-14,3.4236686810629254e-12,4.707446906926986e-12,3.4236686810629254e-12,4.707446906926986e-12,1.1859987355827433e-29
0.0,1,678,0.0,0.0,0.0,0.0,0.0,9.846898288719068e-54,3.147928792688342e-52,1.851610284129285e-15,1.0658141036401503e-14,3.4236686810629254e-12,4.707446906926986e-12,3.4236686810629254e-12,4.707446906926986e-12,1.0835418283471613e-29
0.0,1,679,0.0,0.0,0.0,0.0,0.0,8.996237394860784e-54,2.8759832681104867e-52,1.851610284129285e-15,1.0658141036401503e-14,3.4236686810629254e-12,4.707446906926986e-12,3.4236686810629254e-12,4.707446906926986e-12,9.899360417117529e-30
0.0,1,680,0.0,0.0,0.0,0.0,0.0,8.21906400286578e-54,2.627530768060282e-52,1.851610284129285e-15,1.0658141036401503e-14,3.4236686810629254e-12,4.707446906926986e-12,3.4236686810629254e-12,4.707446906926986e-12,9.044167387379338e-30
0.0,1,681,0.0,0.0,0.0,0.0,0.0,7.509029621849993e-54,2.4005417603278786e-52,1.851610284129285e-15,1.0658141036401503e-14,3.4236686810629254e-12,4.707446906926986e-12,3.4236686810629254e-12,4.707446906926986e-12,8.262853384901598e-30
0.0,1,682,0.0,0.0,0.0,0.0,0.0,6.86033419890153e-54,2.1931620413838893e-52,1.851610284129285e-15,1.0658141036401503e-14,3.4236686810629254e-12,4.707446906926986e-12,3.4236686810629254e-12,4.707446906926986e-12,7.549036095423299e-30
0.0,1,683,0.0,0.0,0.0,0.0,0.0,6.267678740228849e-54,2.0036975899599336e-52,1.851610284129285e-15,1.0658141036401503e-14,3.4236686810629254e-12,4.707446906926986e-12,3.4236686810629254e-12,4.707446906926986e-12,6.896884564615033e-30
0.0,1,684,0.0,0.0,0.0,0.0,0.0,5.726222025306979e-54,1.830600729108868e-52,1.851610284129285e-15,1.0658141036401503e-14,3.4236686810629254e-12,4.707446906926986e-12,3.4236686810629254e-12,4.707446906926986e-12,6.3010715668007864e-30
0.0,1,685,0.0,0.0,0.0,0.0,0.0,5.23154106043309e-54,1.6724574837068754e-52,1.851610284129285e-15,1.0658141036401503e-14,3.4236686810629254e-12,4.707446906926986e-12,3.4236686810629254e-12,4.707446906926986e-12,5.75673008848791e-30
0.0,1,686,0.0,0.0,0.0,0.0,0.0,4.779594948648566e-54,1.5279760301246914e-52,1.851610284129285e-15,1.0658141036401503e-14,3.4236686810629254e-12,4.707446906926986e-12,3.4236686810629254e-12,4.707446906926986e-12,5.259413571226357e-30
0.0,1,687,0.0,0.0,0.0,0.0,0.0,4.366691880892115e-54,1.3959761437169118e-52,1.851610284129285e-15,1.0658141036401503e-14,3.4236686810629254e-12,4.707446906926986e-12,3.4236686810629254e-12,4.707446906926986e-12,4.805059589039476e-30
0.0,1,688,0.0,0.0,0.0,0.0,0.0,3.989458978744753e-54,1.2753795579291306e-52,1.851610284129285e-15,1.0658141036401503e-14,3.4236686810629254e-12,4.707446906926986e-12,3.4236686810629254e-12,4.707446906926986e-12,4.389956663711323e-30
0.0,1,689,0.0,0.0,0.0,0.0,0.0,3.6448147424213375e-54,1.1652011562694444e-52,1.851610284129285e-15,1.0658141036401503e-14,3.4236686810629254e-12,4.707446906926986e-12,3.4236686810629254e-12,4.707446906926986e-12,4.010713946862126e-30
0.0,1,690,0.0,0.0,0.0,0.0,0.0,3.329943878944665e-54,1.0645409251942033e-52,1.851610284129285e-15,1.0658141036401503e-14,3.4236686810629254e-12,4.707446906926986e-12,3.4236686810629254e-12,4.707446906926986e-12,3.6642335211472236e-30
0.0,1,691,0.0,0.0,0.0,0.0,0.0,3.042274304881316e-54,9.725766021736385e-53,1.851610284129285e-15,1.0658141036401503e-14,3.4236686810629254e-12,4.707446906926986e-12,3.4236686810629254e-12,4.707446906926986e-12,3.3476850943216986e-30
0.0,1,692,0.0,0.0,0.0,0.0,0.0,2.779456135781583e-54,8.885569588816482e-53,1.851610284129285e-15,1.0658141036401503e-14,3.4236686810629254e-12,4.707446906926986e-12,3.4236686810629254e-12,4.707446906926986e-12,3.058482879452279e-30
0.0,1,693,0.0,0.0,0.0,0.0,0.0,2.5393424906947364e-54,8.1179566464220525e-53,1.851610284129285e-15,1.0658141036401503e-14,3.4236686810629254e-12,4.707446906926986e-12,3.4236686810629254e-12,4.707446906926986e-12,2.794264472416748e-30
0.0,1,694,0.0,0.0,0.0,0.0,0.0,2.319971954957463e-54,7.416656800047117e-53,1.851610284129285e-15,1.0658141036401503e-14,3.4236686810629254e-12,4.707446906926986e-12,3.4236686810629254e-12,4.707446906926986e-12,2.5528715541508517e-30
0.0,1,695,0.0,0.0,0.0,0.0,0.0,2.1195525579996278e-54,6.775941346512281e-53,1.851610284129285e-15,1.0658141036401503e-14,3.4236686810629254e-12,4.707446906926986e-12,3.4236686810629254e-12,4.707446906926986e-12,2.3323322600009263e-30
0.0,1,696,0.0,0.0,0.0,0.0,0.0,1.9364471352866573e-54,6.190576477946638e-53,1.851610284129285e-15,1.0658141036401503e-14,3.4236686810629254e-12,4.707446906926986e-12,3.4236686810629254e-12,4.707446906926986e-12,2.1308450721684344e-30
0.0,1,697,0.0,0.0,0.0,0.0,0.0,1.769159954825028e-54,5.655780528417928e-53,1.851610284129285e-15,1.0658141036401503e-14,3.4236686810629254e-12,4.707446906926986e-12,3.4236686810629254e-12,4.707446906926986e-12,1.946764103662769e-30
0.0,1,698,0.0,0.0,0.0,0.0,0.0,1.6163244989867311e-54,5.167184913971292e-53,1.851610284129285e-15,1.0658141036401503e-14,3.4236686810629254e-12,4.707446906926986e-12,3.4236686810629254e-12,4.707446906926986e-12,1.7785856535563306e-30
0.0,1,699,0.0,0.0,0.0,0.0,0.0,1.47669230184621e-54,4.720798447007835e-53,1.851610284129285e-15,1.0658141036401503e-14,3.4236686810629254e-12,4.707446906926986e-12,3.4236686810629254e-12,4.707446906926986e-12,1.6249359237128515e-30
0.0,1,700,0.0,0.0,0.0,0.0,0.0,1.3491227508454427e-54,4.31297473349827e-53,1.851610284129285e-15,1.0658141036401503e-14,3.4236686810629254e-12,4.707446906926986e-12,3.4236686810629254e-12,4.707446906926986e-12,1.4845597966524302e-30
0.0,1,701,0.0,0.0,0.0,0.0,0.0,1.2325737694800618e-54,3.9403823867093343e-53,1.851610284129285e-15,1.0658141036401503e-14,3.4236686810629254e-12,4.707446906926986e-12,3.4236686810629254e-12,4.707446906926986e-12,1.356310582881957e-30
0.0,1,702,0.0,0.0,0.0,0.0,0.0,1.1260933048962662e-54,3.59997781412817e-53,1.851610284129285e-15,1.0658141036401503e-14,3.4236686810629254e-12,4.707446906926986e-12,3.4236686810629254e-12,4.707446906926986e-12,1.2391406539404039e-30
0.0,1,703,0.0,0.0,0.0,0.0,0.0,1.028811550863294e-54,3.2889803552893263e-53,1.851610284129285e-15,1.0658141036401503e-14,3.4236686810629254e-12,4.707446906926986e-12,3.4236686810629254e-12,4.707446906926986e-12,1.1320928846438676e-30
0.0,1,704,0.0,0.0,0.0,0.0,0.0,9.399338425932975e-55,3.0048495674129017e-53,1.851610284129285e-15,1.0658141036401503e-14,3.4236686810629254e-12,4.707446906926986e-12,3.4236686810629254e-12,4.707446906926986e-12,1.0342928346235427e-30
0.0,1,705,0.0,0.0,0.0,0.0,0.0,8.587341653686365e-55,2.7452644733073334e-53,1.851610284129285e-15,1.0658141036401503e-14,3.4236686810629254e-12,4.707446906926986e-12,3.4236686810629254e-12,4.707446906926986e-12,9.449416052907573e-31
0.0,1,706,0.0,0.0,0.0,0.0,0.0,7.845492239504847e-55,2.5081046020190957e-53,1.851610284129285e-15,1.0658141036401503e-14,3.4236686810629254e-12,4.707446906926986e-12,3.4236686810629254e-12,4.707446906926986e-12,8.633093138796246e-31
0.0,1,707,0.0,0.0,0.0,0.0,0.0,7.167730243236324e-55,2.2914326673563934e-53,1.851610284129285e-15,1.0658141036401503e-14,3.4236686810629254e-12,4.707446906926986e-12,3.4236686810629254e-12,4.707446906926986e-12,7.887291312588368e-31
0.0,1,708,0.0,0.0,0.0,0.0,0.0,6.54851923517385e-55,2.0934787427929053e-53,1.851610284129285e-15,1.0658141036401503e-14,3.4236686810629254e-12,4.707446906926986e-12,3.4236686810629254e-12,4.707446906926986e-12,7.205918348091165e-31
0.0,1,709,0.0,0.0,0.0,0.0,0.0,5.982801070660763e-55,1.9126258034812708e-53,1.851610284129285e-15,1.0658141036401503e-14,3.4236686810629254e-12,4.707446906926986e-12,3.4236686810629254e-12,4.707446906926986e-12,6.583408318706666e-31
0.0,1,710,0.0,0.0,0.0,0.0,0.0,5.465954571659663e-55,1.747396517273484e-53,1.851610284129285e-15,1.0658141036401503e-14,3.4236686810629254e-12,4.707446906926986e-12,3.4236686810629254e-12,4.707446906926986e-12,6.014676131085421e-31
0.0,1,711,0.0,0.0,0.0,0.0,0.0,4.993757777767362e-55,1.5964411768480006e-53,1.851610284129285e-15,1.0658141036401503e-14,3.4236686810629254e-12,4.707446906926986e-12,3.4236686810629254e-12,4.707446906926986e-12,5.495075986561074e-31
0.0,1,712,0.0,0.0,0.0,0.0,0.0,4.5623534583164364e-55,1.4585266743649708e-53,1.851610284129285e-15,1.0658141036401503e-14,3.4236686810629254e-12,4.707446906926986e-12,3.4236686810629254e-12,4.707446906926986e-12,5.020363431044585e-31
0.0,1,713,0.0,0.0,0.0,0.0,0.0,4.168217603841826e-55,1.3325264285867798e-53,1.851610284129285e-15,1.0658141036401503e-14,3.4236686810629254e-12,4.707446906926986e-12,3.4236686810629254e-12,4.707446906926986e-12,4.586660683384653e-31
0.0,1,714,0.0,0.0,0.0,0.0,0.0,3.808130639529218e-55,1.2174111821817262e-53,1.851610284129285e-15,1.0658141036401503e-14,3.4236686810629254e-12,4.707446906926986e-12,3.4236686810629254e-12,4.707446906926986e-12,4.190424958961499e-31
0.0,1,715,0.0,0.0,0.0,0.0,0.0,3.479151125496641e-55,1.1122405940368084e-53,1.851610284129285e-15,1.0658141036401503e-14,3.4236686810629254e-12,4.707446906926986e-12,3.4236686810629254e-12,4.707446906926986e-12,3.8284195297675383e-31
0.0,1,716,0.0,0.0,0.0,0.0,0.0,3.1785917290749717e-55,1.0161555578998218e-53,1.851610284129285e-15,1.0658141036401503e-14,3.4236686810629254e-12,4.707446906926986e-12,3.4236686810629254e-12,4.707446906926986e-12,3.4976872845702835e-31
0.0,1,717,0.0,0.0,0.0,0.0,0.0,2.903997272812219e-55,9.283711846040797e-54,1.851610284129285e-15,1.0658141036401503e-14,3.4236686810629254e-12,4.707446906926986e-12,3.4236686810629254e-12,4.707446906926986e-12,3.1955265731778095e-31
0.0,1,718,0.0,0.0,0.0,0.0,0.0,2.653124678882568e-55,8.48170390549743e-54,1.851610284129285e-15,1.0658141036401503e-14,3.4236686810629254e-12,4.707446906926986e-12,3.4236686810629254e-12,4.707446906926986e-12,2.9194691374875114e-31
0.0,1,719,0.0,0.0,0.0,0.0,0.0,2.4239246460721023e-55,7.74898040067992e-54,1.851610284129285e-15,1.0658141036401503e-14,3.4236686810629254e-12,4.707446906926986e-12,3.4236686810629254e-12,4.707446906926986e-12,2.667259949043629e-31
0.0,1,720,0.0,0.0,0.0,0.0,0.0,2.214524909666274e-55,7.07955593818859e-54,1.851610284129285e-15,1.0658141036401503e-14,3.4236686810629254e-12,4.707446906926986e-12,3.4236686810629254e-12,4.707446906926986e-12,2.4368387884020714e-31
0.0,1,721,0.0,0.0,0.0,0.0,0.0,2.0232149474940957e-55,6.467962195070666e-54,1.851610284129285e-15,1.0658141036401503e-14,3.4236686810629254e-12,4.707446906926986e-12,3.4236686810629254e-12,4.707446906926986e-12,2.2263234158298204e-31
0.0,1,722,0.0,0.0,0.0,0.0,0.0,1.8484320071976098e-55,5.909203249768704e-54,1.851610284129285e-15,1.0658141036401503e-14,3.4236686810629254e-12,4.707446906926986e-12,3.4236686810629254e-12,4.707446906926986e-12,2.033994195866565e-31
0.0,1,723,0.0,0.0,0.0,0.0,0.0,1.6887483405875518e-55,5.398714771970852e-54,1.851610284129285e-15,1.0658141036401503e-14,3.4236686810629254e-12,4.707446906926986e-12,3.4236686810629254e-12,4.707446906926986e-12,1.8582800501501725e-31
0.0,1,724,0.0,0.0,0.0,0.0,0.0,1.5428595408066459e-55,4.932326737997567e-54,1.851610284129285e-15,1.0658141036401503e-14,3.4236686810629254e-12,4.707446906926986e-12,3.4236686810629254e-12,4.707446906926986e-12,1.6977456237601992e-31
0.0,1,725,0.0,0.0,0.0,0.0,0.0,1.4095738870303771e-55,4.5062293671581796e-54,1.851610284129285e-15,1.0658141036401503e-14,3.4236686810629254e-12,4.707446906926986e-12,3.4236686810629254e-12,4.707446906926986e-12,1.551079560243937e-31
0.0,1,726,0.0,0.0,0.0,0.0,0.0,1.2878026096653788e-55,4.116942000821849e-54,1.851610284129285e-15,1.0658141036401503e-14,3.4236686810629254e-12,4.707446906926986e-12,3.4236686810629254e-12,4.707446906926986e-12,1.4170837895478894e-31
0.0,1,727,0.0,0.0,0.0,0.0,0.0,1.1765509965248234e-55,3.7612846699856066e-54,1.851610284129285e-15,1.0658141036401503e-14,3.4236686810629254e-12,4.707446906926986e-12,3.4236686810629254e-12,4.707446906926986e-12,1.2946637413515968e-31
0.0,1,728,0.0,0.0,0.0,0.0,0.0,1.0749102673298999e-55,3.436352119083672e-54,1.851610284129285e-15,1.0658141036401503e-14,3.4236686810629254e-12,4.707446906926986e-12,3.4236686810629254e-12,4.707446906926986e-12,1.1828194038584492e-31
0.0,1,729,0.0,0.0,0.0,0.0,0.0,9.820501501626644e-56,3.1394900738465013e-54,1.851610284129285e-15,1.0658141036401503e-14,3.4236686810629254e-12,4.707446906926986e-12,3.4236686810629254e-12,4.707446906926986e-12,1.0806371550063867e-31
0.0,1,730,0.0,0.0,0.0,0.0,0.0,8.972120992296048e-56,2.868273559349042e-54,1.851610284129285e-15,1.0658141036401503e-14,3.4236686810629254e-12,4.707446906926986e-12,3.4236686810629254e-12,4.707446906926986e-12,9.872822993695082e-32
0.0,1,731,0.0,0.0,0.0,0.0,0.0,8.197030985338734e-56,2.620487091134863e-54,1.851610284129285e-15,1.0658141036401503e-14,3.4236686810629254e-12,4.707446906926986e-12,3.4236686810629254e-12,4.707446906926986e-12,9.019922497876654e-32
0.0,1,732,0.0,0.0,0.0,0.0,0.0,7.488900008403525e-56,2.3941065776037493e-54,1.851610284129285e-15,1.0658141036401503e-14,3.4236686810629254e-12,4.707446906926986e-12,3.4236686810629254e-12,4.707446906926986e-12,8.240702980258173e-32
0.0,1,733,0.0,0.0,0.0,0.0,0.0,6.841943556902227e-56,2.1872827858286702e-54,1.851610284129285e-15,1.0658141036401503e-14,3.4236686810629254e-12,4.707446906926986e-12,3.4236686810629254e-12,4.707446906926986e-12,7.528799235782962e-32
0.0,1,734,0.0,0.0,0.0,0.0,0.0,6.2508768421673e-56,1.9983262357396552e-54,1.851610284129285e-15,1.0658141036401503e-14,3.4236686810629254e-12,4.707446906926986e-12,3.4236686810629254e-12,4.707446906926986e-12,6.878395941282692e-32
0.0,1,735,0.0,0.0,0.0,0.0,0.0,5.710871621635293e-56,1.825693399279652e-54,1.851610284129285e-15,1.0658141036401503e-14,3.4236686810629254e-12,4.707446906926986e-12,3.4236686810629254e-12,4.707446906926986e-12,6.284180151887737e-32
0.0,1,736,0.0,0.0,0.0,0.0,0.0,5.2175167584155e-56,1.6679740917976576e-54,1.851610284129285e-15,1.0658141036401503e-14,3.4236686810629254e-12,4.707446906926986e-12,3.4236686810629254e-12,4.707446906926986e-12,5.741297901210313e-32
0.0,1,737,0.0,0.0,0.0,0.0,0.0,4.766782188066696e-56,1.5238799526831587e-54,1.851610284129285e-15,1.0658141036401503e-14,3.4236686810629254e-12,4.707446906926986e-12,3.4236686810629254e-12,4.707446906926986e-12,5.245314550783541e-32
0.0,1,738,0.0,0.0,0.0,0.0,0.0,4.35498599823766e-56,1.392233921143738e-54,1.851610284129285e-15,1.0658141036401503e-14,3.4236686810629254e-12,4.707446906926986e-12,3.4236686810629254e-12,4.707446906926986e-12,4.792178564861043e-32
0.0,1,739,0.0,0.0,0.0,0.0,0.0,3.978764352255465e-56,1.2719606211568022e-54,1.851610284129285e-15,1.0658141036401503e-14,3.4236686810629254e-12,4.707446906926986e-12,3.4236686810629254e-12,4.707446906926986e-12,4.378188414664974e-32
0.0,1,740,0.0,0.0,0.0,0.0,0.0,3.63504401097617e-56,1.1620775770529205e-54,1.851610284129285e-15,1.0658141036401503e-14,3.4236686810629254e-12,4.707446906926986e-12,3.4236686810629254e-12,4.707446906926986e-12,3.9999623417333404e-32
0.0,1,741,0.0,0.0,0.0,0.0,0.0,3.3210172284375804e-56,1.0616871879736504e-54,1.851610284129285e-15,1.0658141036401503e-14,3.4236686810629254e-12,4.707446906926986e-12,3.4236686810629254e-12,4.707446906926986e-12,3.654410733373808e-32
0.0,1,742,0.0,0.0,0.0,0.0,0.0,3.0341188162443813e-56,9.699693956456639e-55,1.851610284129285e-15,1.0658141036401503e-14,3.4236686810629254e-12,4.707446906926986e-12,3.4236686810629254e-12,4.707446906926986e-12,3.338710884565887e-32
0.0,1,743,0.0,0.0,0.0,0.0,0.0,2.7720051893314724e-56,8.861749855764146e-55,1.851610284129285e-15,1.0658141036401503e-14,3.4236686810629254e-12,4.707446906926986e-12,3.4236686810629254e-12,4.707446906926986e-12,3.050283940148974e-32
0.0,1,744,0.0,0.0,0.0,0.0,0.0,2.5325352219369795e-56,8.096194669509322e-55,1.851610284129285e-15,1.0658141036401503e-14,3.4236686810629254e-12,4.707446906926986e-12,3.4236686810629254e-12,4.707446906926986e-12,2.7867738289476385e-32
0.0,1,745,0.0,0.0,0.0,0.0,0.0,2.313752757403092e-56,7.396774812364508e-55,1.851610284129285e-15,1.0658141036401503e-14,3.4236686810629254e-12,4.707446906926986e-12,3.4236686810629254e-12,4.707446906926986e-12,2.5460280177484544e-32
0.0,1,746,0.0,0.0,0.0,0.0,0.0,2.1138706289328074e-56,6.757776938205203e-55,1.851610284129285e-15,1.0658141036401503e-14,3.4236686810629254e-12,4.707446906926986e-12,3.4236686810629254e-12,4.707446906926986e-12,2.326079927917168e-32
0.0,1,747,0.0,0.0,0.0,0.0,0.0,1.9312560607729243e-56,6.1739812695392434e-55,1.851610284129285e-15,1.0658141036401503e-14,3.4236686810629254e-12,4.707446906926986e-12,3.4236686810629254e-12,4.707446906926986e-12,2.1251328710216902e-32
0.0,1,748,0.0,0.0,0.0,0.0,0.0,1.7644173305700944e-56,5.640618958746684e-55,1.851610284129285e-15,1.0658141036401503e-14,3.4236686810629254e-12,4.707446906926986e-12,3.4236686810629254e-12,4.707446906926986e-12,1.9415453722352073e-32
0.0,1,749,0.0,0.0,0.0,0.0,0.0,1.6119915839488135e-56,5.1533331328274175e-55,1.851610284129285e-15,1.0658141036401503e-14,3.4236686810629254e-12,4.707446906926986e-12,3.4236686810629254e-12,4.707446906926986e-12,1.7738177616327972e-32
0.0,1,750,0.0,0.0,0.0,0.0,0.0,1.4727337017723655e-56,4.708143303443014e-55,1.851610284129285e-15,1.0658141036401503e-14,3.4236686810629254e-12,4.707446906926986e-12,3.4236686810629254e-12,4.707446906926986e-12,1.620579923847758e-32
0.0,1,751,0.0,0.0,0.0,0.0,0.0,1.3455061291467696e-56,4.301412851529247e-55,1.851610284129285e-15,1.0658141036401503e-14,3.4236686810629254e-12,4.707446906926986e-12,3.4236686810629254e-12,4.707446906926986e-12,1.4805801060199957e-32
0.0,1,752,0.0,0.0,0.0,0.0,0.0,1.229269583084032e-56,3.9298193208712436e-55,1.851610284129285e-15,1.0658141036401503e-14,3.4236686810629254e-12,4.707446906926986e-12,3.4236686810629254e-12,4.707446906926986e-12,1.3526746926109114e-32
0.0,1,753,0.0,0.0,0.0,0.0,0.0,1.1230745629184394e-56,3.590327277978543e-55,1.851610284129285e-15,1.0658141036401503e-14,3.4236686810629254e-12,4.707446906926986e-12,3.4236686810629254e-12,4.707446906926986e-12,1.2358188635592295e-32
0.0,1,754,0.0,0.0,0.0,0.0,0.0,1.026053594127063e-56,3.28016351656061e-55,1.851610284129285e-15,1.0658141036401503e-14,3.4236686810629254e-12,4.707446906926986e-12,3.4236686810629254e-12,4.707446906926986e-12,1.1290580594666079e-32
0.0,1,755,0.0,0.0,0.0,0.0,0.0,9.374141421966448e-57,2.9967944040558692e-55,1.851610284129285e-15,1.0658141036401503e-14,3.4236686810629254e-12,4.707446906926986e-12,3.4236686810629254e-12,4.707446906926986e-12,1.0315201840947784e-32
0.0,1,756,0.0,0.0,0.0,0.0,0.0,8.564321386524508e-57,2.7379051851650752e-55,1.851610284129285e-15,1.0658141036401503e-14,3.4236686810629254e-12,4.707446906926986e-12,3.4236686810629254e-12,4.707446906926986e-12,9.424084804794472e-33
0.0,1,757,0.0,0.0,0.0,0.0,0.0,7.824460663651309e-57,2.501381073325719e-55,1.851610284129285e-15,1.0658141036401503e-14,3.4236686810629254e-12,4.707446906926986e-12,3.4236686810629254e-12,4.707446906926986e-12,8.609950224667026e-33
0.0,1,758,0.0,0.0,0.0,0.0,0.0,7.148515558203652e-57,2.285289975669806e-55,1.851610284129285e-15,1.0658141036401503e-14,3.4236686810629254e-12,4.707446906926986e-12,3.4236686810629254e-12,4.707446906926986e-12,7.866147685081493e-33
0.0,1,759,0.0,0.0,0.0,0.0,0.0,6.530964482098e-57,2.087866710350231e-55,1.851610284129285e-15,1.0658141036401503e-14,3.4236686810629254e-12,4.707446906926986e-12,3.4236686810629254e-12,4.707446906926986e-12,7.18660129140368e-33
0.0,1,760,0.0,0.0,0.0,0.0,0.0,5.966762850152352e-57,1.9074985873121192e-55,1.851610284129285e-15,1.0658141036401503e-14,3.4236686810629254e-12,4.707446906926986e-12,3.4236686810629254e-12,4.707446906926986e-12,6.565760037731638e-33
0.0,1,761,0.0,0.0,0.0,0.0,0.0,5.451301872418298e-57,1.7427122347227704e-55,1.851610284129285e-15,1.0658141036401503e-14,3.4236686810629254e-12,4.707446906926986e-12,3.4236686810629254e-12,4.707446906926986e-12,5.998552462433025e-33
0.0,1,762,0.0,0.0,0.0,0.0,0.0,4.980370906390635e-57,1.5921615634494248e-55,1.851610284129285e-15,1.0658141036401503e-14,3.4236686810629254e-12,4.707446906926986e-12,3.4236686810629254e-12,4.707446906926986e-12,5.4803452209308595e-33
0.0,1,763,0.0,0.0,0.0,0.0,0.0,4.5501230615611955e-57,1.4546167712703148e-55,1.851610284129285e-15,1.0658141036401503e-14,3.4236686810629254e-12,4.707446906926986e-12,3.4236686810629254e-12,4.707446906926986e-12,5.006905237334397e-33
0.0,1,764,0.0,0.0,0.0,0.0,0.0,4.157043775351141e-57,1.328954296997822e-55,1.851610284129285e-15,1.0658141036401503e-14,3.4236686810629254e-12,4.707446906926986e-12,3.4236686810629254e-12,4.707446906926986e-12,4.5743651257405155e-33
0.0,1,765,0.0,0.0,0.0,0.0,0.0,3.797922103727959e-57,1.2141476424519831e-55,1.851610284129285e-15,1.0658141036401503e-14,3.4236686810629254e-12,4.707446906926986e-12,3.4236686810629254e-12,4.707446906926986e-12,4.1791915987473385e-33
0.0,1,766,0.0,0.0,0.0,0.0,0.0,3.469824491989394e-57,1.1092589873119831e-55,1.851610284129285e-15,1.0658141036401503e-14,3.4236686810629254e-12,4.707446906926986e-12,3.4236686810629254e-12,4.707446906926986e-12,3.818156605111988e-33
0.0,1,767,0.0,0.0,0.0,0.0,0.0,3.1700708114554416e-57,1.0134315283497884e-55,1.851610284129285e-15,1.0658141036401503e-14,3.4236686810629254e-12,4.707446906926986e-12,3.4236686810629254e-12,4.707446906926986e-12,3.4883109607921436e-33
0.0,1,768,0.0,0.0,0.0,0.0,0.0,2.8962124663198906e-57,9.258824804675922e-56,1.851610284129285e-15,1.0658141036401503e-14,3.4236686810629254e-12,4.707446906926986e-12,3.4236686810629254e-12,4.707446906926986e-12,3.186960257965904e-33
0.0,1,769,0.0,0.0,0.0,0.0,0.0,2.646012391822759e-57,8.458966823666204e-56,1.851610284129285e-15,1.0658141036401503e-14,3.4236686810629254e-12,4.707446906926986e-12,3.4236686810629254e-12,4.707446906926986e-12,2.91164285524252e-33
0.0,1,770,0.0,0.0,0.0,0.0,0.0,2.4174267803549656e-57,7.7282075461401e-56,1.851610284129285e-15,1.0658141036401503e-14,3.4236686810629254e-12,4.707446906926986e-12,3.4236686810629254e-12,4.707446906926986e-12,2.6601097692682368e-33
0.0,1,771,0.0,0.0,0.0,0.0,0.0,2.208588386221292e-57,7.060577623867686e-56,1.851610284129285e-15,1.0658141036401503e-14,3.4236686810629254e-12,4.707446906926986e-12,3.4236686810629254e-12,4.707446906926986e-12,2.4303063034723505e-33
0.0,1,772,0.0,0.0,0.0,0.0,0.0,2.0177912726834825e-57,6.450623392944449e-56,1.851610284129285e-15,1.0658141036401503e-14,3.4236686810629254e-12,4.707446906926986e-12,3.4236686810629254e-12,4.707446906926986e-12,2.2203552638815884e-33
0.0,1,773,0.0,0.0,0.0,0.0,0.0,1.8434768766866465e-57,5.893362324484791e-56,1.851610284129285e-15,1.0658141036401503e-14,3.4236686810629254e-12,4.707446906926986e-12,3.4236686810629254e-12,4.707446906926986e-12,2.028541624898369e-33
0.0,1,774,0.0,0.0,0.0,0.0,0.0,1.6842212774360812e-57,5.384242323872998e-56,1.851610284129285e-15,1.0658141036401503e-14,3.4236686810629254e-12,4.707446906926986e-12,3.4236686810629254e-12,4.707446906926986e-12,1.8532985197835694e-33
0.0,1,775,0.0,0.0,0.0,0.0,0.0,1.538723564825375e-57,4.919104546099612e-56,1.851610284129285e-15,1.0658141036401503e-14,3.4236686810629254e-12,4.707446906926986e-12,3.4236686810629254e-12,4.707446906926986e-12,1.6931944414027492e-33
0.0,1,776,0.0,0.0,0.0,0.0,0.0,1.4057952127010607e-57,4.494149423433083e-56,1.851610284129285e-15,1.0658141036401503e-14,3.4236686810629254e-12,4.707446906926986e-12,3.4236686810629254e-12,4.707446906926986e-12,1.5469215486838696e-33
0.0,1,777,0.0,0.0,0.0,0.0,0.0,1.2843503701572975e-57,4.105905627917301e-56,1.851610284129285e-15,1.0658141036401503e-14,3.4236686810629254e-12,4.707446906926986e-12,3.4236686810629254e-12,4.707446906926986e-12,1.4132849832650808e-33
0.0,1,778,0.0,0.0,0.0,0.0,0.0,1.1733969915531035e-57,3.7512017151589746e-56,1.851610284129285e-15,1.0658141036401503e-14,3.4236686810629254e-12,4.707446906926986e-12,3.4236686810629254e-12,4.707446906926986e-12,1.2911931090636778e-33
0.0,1,779,0.0,0.0,0.0,0.0,0.0,1.0720287327960604e-57,3.4271402177719756e-56,1.851610284129285e-15,1.0658141036401503e-14,3.4236686810629254e-12,4.707446906926986e-12,3.4236686810629254e-12,4.707446906926986e-12,1.1796485950355301e-33
0.0,1,780,0.0,0.0,0.0,0.0,0.0,9.79417547695591e-58,3.1310739768555363e-56,1.851610284129285e-15,1.0658141036401503e-14,3.4236686810629254e-12,4.707446906926986e-12,3.4236686810629254e-12,4.707446906926986e-12,1.0777402682844108e-33
0.0,1,781,0.0,0.0,0.0,0.0,0.0,8.948069239078247e-58,2.860584518165821e-56,1.851610284129285e-15,1.0658141036401503e-14,3.4236686810629254e-12,4.707446906926986e-12,3.4236686810629254e-12,4.707446906926986e-12,9.846356709701448e-34
0.0,1,782,0.0,0.0,0.0,0.0,0.0,8.175057032184597e-58,2.6134622963421375e-56,1.851610284129285e-15,1.0658141036401503e-14,3.4236686810629254e-12,4.707446906926986e-12,3.4236686810629254e-12,4.707446906926986e-12,8.995742602158815e-34
0.0,1,783,0.0,0.0,0.0,0.0,0.0,7.46882435683468e-58,2.3876886458091305e-56,1.851610284129285e-15,1.0658141036401503e-14,3.4236686810629254e-12,4.707446906926986e-12,3.4236686810629254e-12,4.707446906926986e-12,8.218611954669723e-34
0.0,1,784,0.0,0.0,0.0,0.0,0.0,6.823602215083297e-58,2.1814192909173344e-56,1.851610284129285e-15,1.0658141036401503e-14,3.4236686810629254e-12,4.707446906926986e-12,3.4236686810629254e-12,4.707446906926986e-12,7.508616625516808e-34
0.0,1,785,0.0,0.0,0.0,0.0,0.0,6.23411998530684e-58,1.9929692806214702e-56,1.851610284129285e-15,1.0658141036401503e-14,3.4236686810629254e-12,4.707446906926986e-12,3.4236686810629254e-12,4.707446906926986e-12,6.859956880791169e-34
0.0,1,786,0.0,0.0,0.0,0.0,0.0,5.695562368113175e-58,1.8207992246325908e-56,1.851610284129285e-15,1.0658141036401503e-14,3.4236686810629254e-12,4.707446906926986e-12,3.4236686810629254e-12,4.707446906926986e-12,6.267334018145337e-34
0.0,1,787,0.0,0.0,0.0,0.0,0.0,5.2035300516389445e-58,1.6635027186113165e-56,1.851610284129285e-15,1.0658141036401503e-14,3.4236686810629254e-12,4.707446906926986e-12,3.4236686810629254e-12,4.707446906926986e-12,5.7259070833215705e-34
0.0,1,788,0.0,0.0,0.0,0.0,0.0,4.754003774921258e-58,1.519794855682464e-56,1.851610284129285e-15,1.0658141036401503e-14,3.4236686810629254e-12,4.707446906926986e-12,3.4236686810629254e-12,4.707446906926986e-12,5.231253325881163e-34
0.0,1,789,0.0,0.0,0.0,0.0,0.0,4.343311495788736e-58,1.3885017304252271e-56,1.851610284129285e-15,1.0658141036401503e-14,3.4236686810629254e-12,4.707446906926986e-12,3.4236686810629254e-12,4.707446906926986e-12,4.779332071114966e-34
0.0,1,790,0.0,0.0,0.0,0.0,0.0,3.968098395076073e-58,1.2685508496001027e-56,1.851610284129285e-15,1.0658141036401503e-14,3.4236686810629254e-12,4.707446906926986e-12,3.4236686810629254e-12,4.707446906926986e-12,4.366451713010861e-34
0.0,1,791,0.0,0.0,0.0,0.0,0.0,3.625299472136037e-58,1.1589623712808177e-56,1.851610284129285e-15,1.0658141036401503e-14,3.4236686810629254e-12,4.707446906926986e-12,3.4236686810629254e-12,4.707446906926986e-12,3.9892395586581485e-34
0.0,1,792,0.0,0.0,0.0,0.0,0.0,3.312114507790035e-58,1.0588411008264137e-56,1.851610284129285e-15,1.0658141036401503e-14,3.4236686810629254e-12,4.707446906926986e-12,3.4236686810629254e-12,4.707446906926986e-12,3.64461427775421e-34
0.0,1,793,0.0,0.0,0.0,0.0,0.0,3.0259851901971642e-58,9.673691783110005e-57,1.851610284129285e-15,1.0658141036401503e-14,3.4236686810629254e-12,4.707446906926986e-12,3.4236686810629254e-12,4.707446906926986e-12,3.329760732162555e-34
0.0,1,794,0.0,0.0,0.0,0.0,0.0,2.764574216790033e-58,8.837993976770583e-57,1.851610284129285e-15,1.0658141036401503e-14,3.4236686810629254e-12,4.707446906926986e-12,3.4236686810629254e-12,4.707446906926986e-12,3.0421069799144483e-34
0.0,1,795,0.0,0.0,0.0,0.0,0.0,2.5257462015675823e-58,8.074491030385257e-57,1.851610284129285e-15,1.0658141036401503e-14,3.4236686810629254e-12,4.707446906926986e-12,3.4236686810629254e-12,4.707446906926986e-12,2.7793032658037333e-34
0.0,1,796,0.0,0.0,0.0,0.0,0.0,2.307550231782246e-58,7.376946122743923e-57,1.851610284129285e-15,1.0658141036401503e-14,3.4236686810629254e-12,4.707446906926986e-12,3.4236686810629254e-12,4.707446906926986e-12,2.5392028269578418e-34
0.0,1,797,0.0,0.0,0.0,0.0,0.0,2.1082039315325948e-58,6.739661223609045e-57,1.851610284129285e-15,1.0658141036401503e-14,3.4236686810629254e-12,4.707446906926986e-12,3.4236686810629254e-12,4.707446906926986e-12,2.3198443565914027e-34
0.0,1,798,0.0,0.0,0.0,0.0,0.0,1.9260789020816867e-58,6.157430548255634e-57,1.851610284129285e-15,1.0658141036401503e-14,3.4236686810629254e-12,4.707446906926986e-12,3.4236686810629254e-12,4.707446906926986e-12,2.119435982692508e-34
0.0,1,799,0.0,0.0,0.0,0.0,0.0,1.7596874199676264e-58,5.625498033013746e-57,1.851610284129285e-15,1.0658141036401503e-14,3.4236686810629254e-12,4.707446906926986e-12,3.4236686810629254e-12,4.707446906926986e-12,1.9363406307705485e-34
0.0,1,800,0.0,0.0,0.0,0.0,0.0,1.6076702842472634e-58,5.139518484444251e-57,1.851610284129285e-15,1.0658141036401503e-14,3.4236686810629254e-12,4.707446906926986e-12,3.4236686810629254e-12,4.707446906926986e-12,1.7690626510972346e-34
0.0,1,801,0.0,0.0,0.0,0.0,0.0,1.4687857136009005e-58,4.6955220847874036e-57,1.851610284129285e-15,1.0658141036401503e-14,3.4236686810629254e-12,4.707446906926986e-12,3.4236686810629254e-12,4.707446906926986e-12,1.6162356012030155e-34
0.0,1,802,0.0,0.0,0.0,0.0,0.0,1.3418992026018576e-58,4.289881963740096e-57,1.851610284129285e-15,1.0658141036401503e-14,3.4236686810629254e-12,4.707446906926986e-12,3.4236686810629254e-12,4.707446906926986e-12,1.4766110838278425e-34
0.0,1,803,0.0,0.0,0.0,0.0,0.0,1.2259742542898857e-58,3.919284571665647e-57,1.851610284129285e-15,1.0658141036401503e-14,3.4236686810629254e-12,4.707446906926986e-12,3.4236686810629254e-12,4.707446906926986e-12,1.3490485491473446e-34
0.0,1,804,0.0,0.0,0.0,0.0,0.0,1.1200639133456476e-58,3.580702612223903e-57,1.851610284129285e-15,1.0658141036401503e-14,3.4236686810629254e-12,4.707446906926986e-12,3.4236686810629254e-12,4.707446906926986e-12,1.232505977971351e-34
0.0,1,805,0.0,0.0,0.0,0.0,0.0,1.0233030307033896e-58,3.271370313316685e-57,1.851610284129285e-15,1.0658141036401503e-14,3.4236686810629254e-12,4.707446906926986e-12,3.4236686810629254e-12,4.707446906926986e-12,1.126031369808911e-34
0.0,1,806,0.0,0.0,0.0,0.0,0.0,9.349011964137757e-59,2.98876083434446e-57,1.851610284129285e-15,1.0658141036401503e-14,3.4236686810629254e-12,4.707446906926986e-12,3.4236686810629254e-12,4.707446906926986e-12,1.0287549662685494e-34
0.0,1,807,0.0,0.0,0.0,0.0,0.0,8.541362830276363e-59,2.730565625221119e-57,1.851610284129285e-15,1.0658141036401503e-14,3.4236686810629254e-12,4.707446906926986e-12,3.4236686810629254e-12,4.707446906926986e-12,9.398821462690244e-35
0.0,1,808,0.0,0.0,0.0,0.0,0.0,7.803485467584948e-59,2.4946755685369448e-57,1.851610284129285e-15,1.0658141036401503e-14,3.4236686810629254e-12,4.707446906926986e-12,3.4236686810629254e-12,4.707446906926986e-12,8.586869350233887e-35
0.0,1,809,0.0,0.0,0.0,0.0,0.0,7.129352382380762e-59,2.2791637508258534e-57,1.851610284129285e-15,1.0658141036401503e-14,3.4236686810629254e-12,4.707446906926986e-12,3.4236686810629254e-12,4.707446906926986e-12,7.845060737741208e-35
0.0,1,810,0.0,0.0,0.0,0.0,0.0,6.51345678841749e-59,2.0822697222008174e-57,1.851610284129285e-15,1.0658141036401503e-14,3.4236686810629254e-12,4.707446906926986e-12,3.4236686810629254e-12,4.707446906926986e-12,7.167336018355392e-35
0.0,1,811,0.0,0.0,0.0,0.0,0.0,5.950767623638555e-59,1.9023851157790538e-57,1.851610284129285e-15,1.0658141036401503e-14,3.4236686810629254e-12,4.707446906926986e-12,3.4236686810629254e-12,4.707446906926986e-12,6.548159066874184e-35
0.0,1,812,0.0,0.0,0.0,0.0,0.0,5.436688452975589e-59,1.7380405094266905e-57,1.851610284129285e-15,1.0658141036401503e-14,3.4236686810629254e-12,4.707446906926986e-12,3.4236686810629254e-12,4.707446906926986e-12,5.982472016837856e-35
0.0,1,813,0.0,0.0,0.0,0.0,0.0,4.967019921481215e-59,1.587893422500385e-57,1.851610284129285e-15,1.0658141036401503e-14,3.4236686810629254e-12,4.707446906926986e-12,3.4236686810629254e-12,4.707446906926986e-12,5.465653944373789e-35
0.0,1,814,0.0,0.0,0.0,0.0,0.0,4.537925451087461e-59,1.4507173495350203e-57,1.851610284129285e-15,1.0658141036401503e-14,3.4236686810629254e-12,4.707446906926986e-12,3.4236686810629254e-12,4.707446906926986e-12,4.993483121286644e-35
0.0,1,815,0.0,0.0,0.0,0.0,0.0,4.145899900777191e-59,1.3253917412970452e-57,1.851610284129285e-15,1.0658141036401503e-14,3.4236686810629254e-12,4.707446906926986e-12,3.4236686810629254e-12,4.707446906926986e-12,4.562102529056236e-35
0.0,1,816,0.0,0.0,0.0,0.0,0.0,3.787740934163077e-59,1.210892851361752e-57,1.851610284129285e-15,1.0658141036401503e-14,3.4236686810629254e-12,4.707446906926986e-12,3.4236686810629254e-12,4.707446906926986e-12,4.1679883520378786e-35
